T(s),Zone I (overstrength 2),Zone I (elastic),Zone II (overstrength 2),Zone II (elastic),Zone IIIa (overstrength 2),Zone IIIa (elastic),Zone IIIb (overstrength 2),Zone IIIb (elastic),Zone IIIc (overstrength 2),Zone IIIc (elastic),Zone IIId (overstrength 2),Zone IIId (elastic)
0,0.04,0.08,0.08,0.16,0.1,0.2,0.11,0.22,0.1,0.2,0.1,0.2
0.01,0.046,0.092,0.092,0.184,0.105660377,0.211320755,0.114,0.228,0.1024,0.2048,0.102352941,0.204705882
0.02,0.052,0.104,0.104,0.208,0.111320755,0.222641509,0.118,0.236,0.1048,0.2096,0.104705882,0.209411765
0.03,0.058,0.116,0.116,0.232,0.116981132,0.233962264,0.122,0.244,0.1072,0.2144,0.107058824,0.214117647
0.04,0.064,0.128,0.128,0.256,0.122641509,0.245283019,0.126,0.252,0.1096,0.2192,0.109411765,0.218823529
0.05,0.07,0.14,0.14,0.28,0.128301887,0.256603774,0.13,0.26,0.112,0.224,0.111764706,0.223529412
0.06,0.076,0.152,0.152,0.304,0.133962264,0.267924528,0.134,0.268,0.1144,0.2288,0.114117647,0.228235294
0.07,0.082,0.164,0.164,0.328,0.139622642,0.279245283,0.138,0.276,0.1168,0.2336,0.116470588,0.232941176
0.08,0.088,0.176,0.176,0.352,0.145283019,0.290566038,0.142,0.284,0.1192,0.2384,0.118823529,0.237647059
0.09,0.094,0.188,0.188,0.376,0.150943396,0.301886792,0.146,0.292,0.1216,0.2432,0.121176471,0.242352941
0.1,0.1,0.2,0.2,0.4,0.156603774,0.313207547,0.15,0.3,0.124,0.248,0.123529412,0.247058824
0.11,0.106,0.212,0.212,0.424,0.162264151,0.324528302,0.154,0.308,0.1264,0.2528,0.125882353,0.251764706
0.12,0.112,0.224,0.224,0.448,0.167924528,0.335849057,0.158,0.316,0.1288,0.2576,0.128235294,0.256470588
0.13,0.118,0.236,0.236,0.472,0.173584906,0.347169811,0.162,0.324,0.1312,0.2624,0.130588235,0.261176471
0.14,0.124,0.248,0.248,0.496,0.179245283,0.358490566,0.166,0.332,0.1336,0.2672,0.132941176,0.265882353
0.15,0.13,0.26,0.26,0.52,0.18490566,0.369811321,0.17,0.34,0.136,0.272,0.135294118,0.270588235
0.16,0.136,0.272,0.272,0.544,0.190566038,0.381132075,0.174,0.348,0.1384,0.2768,0.137647059,0.275294118
0.17,0.142,0.284,0.284,0.568,0.196226415,0.39245283,0.178,0.356,0.1408,0.2816,0.14,0.28
0.18,0.148,0.296,0.296,0.592,0.201886792,0.403773585,0.182,0.364,0.1432,0.2864,0.142352941,0.284705882
0.19,0.154,0.308,0.308,0.616,0.20754717,0.41509434,0.186,0.372,0.1456,0.2912,0.144705882,0.289411765
0.2,0.16,0.32,0.32,0.64,0.213207547,0.426415094,0.19,0.38,0.148,0.296,0.147058824,0.294117647
0.21,0.16,0.32,0.32,0.64,0.218867925,0.437735849,0.194,0.388,0.1504,0.3008,0.149411765,0.298823529
0.22,0.16,0.32,0.32,0.64,0.224528302,0.449056604,0.198,0.396,0.1528,0.3056,0.151764706,0.303529412
0.23,0.16,0.32,0.32,0.64,0.230188679,0.460377358,0.202,0.404,0.1552,0.3104,0.154117647,0.308235294
0.24,0.16,0.32,0.32,0.64,0.235849057,0.471698113,0.206,0.412,0.1576,0.3152,0.156470588,0.312941176
0.25,0.16,0.32,0.32,0.64,0.241509434,0.483018868,0.21,0.42,0.16,0.32,0.158823529,0.317647059
0.26,0.16,0.32,0.32,0.64,0.247169811,0.494339623,0.214,0.428,0.1624,0.3248,0.161176471,0.322352941
0.27,0.16,0.32,0.32,0.64,0.252830189,0.505660377,0.218,0.436,0.1648,0.3296,0.163529412,0.327058824
0.28,0.16,0.32,0.32,0.64,0.258490566,0.516981132,0.222,0.444,0.1672,0.3344,0.165882353,0.331764706
0.29,0.16,0.32,0.32,0.64,0.264150943,0.528301887,0.226,0.452,0.1696,0.3392,0.168235294,0.336470588
0.3,0.16,0.32,0.32,0.64,0.269811321,0.539622642,0.23,0.46,0.172,0.344,0.170588235,0.341176471
0.31,0.16,0.32,0.32,0.64,0.275471698,0.550943396,0.234,0.468,0.1744,0.3488,0.172941176,0.345882353
0.32,0.16,0.32,0.32,0.64,0.281132075,0.562264151,0.238,0.476,0.1768,0.3536,0.175294118,0.350588235
0.33,0.16,0.32,0.32,0.64,0.286792453,0.573584906,0.242,0.484,0.1792,0.3584,0.177647059,0.355294118
0.34,0.16,0.32,0.32,0.64,0.29245283,0.58490566,0.246,0.492,0.1816,0.3632,0.18,0.36
0.35,0.16,0.32,0.32,0.64,0.298113208,0.596226415,0.25,0.5,0.184,0.368,0.182352941,0.364705882
0.36,0.16,0.32,0.32,0.64,0.303773585,0.60754717,0.254,0.508,0.1864,0.3728,0.184705882,0.369411765
0.37,0.16,0.32,0.32,0.64,0.309433962,0.618867925,0.258,0.516,0.1888,0.3776,0.187058824,0.374117647
0.38,0.16,0.32,0.32,0.64,0.31509434,0.630188679,0.262,0.524,0.1912,0.3824,0.189411765,0.378823529
0.39,0.16,0.32,0.32,0.64,0.320754717,0.641509434,0.266,0.532,0.1936,0.3872,0.191764706,0.383529412
0.4,0.16,0.32,0.32,0.64,0.326415094,0.652830189,0.27,0.54,0.196,0.392,0.194117647,0.388235294
0.41,0.16,0.32,0.32,0.64,0.332075472,0.664150943,0.274,0.548,0.1984,0.3968,0.196470588,0.392941176
0.42,0.16,0.32,0.32,0.64,0.337735849,0.675471698,0.278,0.556,0.2008,0.4016,0.198823529,0.397647059
0.43,0.16,0.32,0.32,0.64,0.343396226,0.686792453,0.282,0.564,0.2032,0.4064,0.201176471,0.402352941
0.44,0.16,0.32,0.32,0.64,0.349056604,0.698113208,0.286,0.572,0.2056,0.4112,0.203529412,0.407058824
0.45,0.16,0.32,0.32,0.64,0.354716981,0.709433962,0.29,0.58,0.208,0.416,0.205882353,0.411764706
0.46,0.16,0.32,0.32,0.64,0.360377358,0.720754717,0.294,0.588,0.2104,0.4208,0.208235294,0.416470588
0.47,0.16,0.32,0.32,0.64,0.366037736,0.732075472,0.298,0.596,0.2128,0.4256,0.210588235,0.421176471
0.48,0.16,0.32,0.32,0.64,0.371698113,0.743396226,0.302,0.604,0.2152,0.4304,0.212941176,0.425882353
0.49,0.16,0.32,0.32,0.64,0.377358491,0.754716981,0.306,0.612,0.2176,0.4352,0.215294118,0.430588235
0.5,0.16,0.32,0.32,0.64,0.383018868,0.766037736,0.31,0.62,0.22,0.44,0.217647059,0.435294118
0.51,0.16,0.32,0.32,0.64,0.388679245,0.777358491,0.314,0.628,0.2224,0.4448,0.22,0.44
0.52,0.16,0.32,0.32,0.64,0.394339623,0.788679245,0.318,0.636,0.2248,0.4496,0.222352941,0.444705882
0.53,0.16,0.32,0.32,0.64,0.4,0.8,0.322,0.644,0.2272,0.4544,0.224705882,0.449411765
0.54,0.16,0.32,0.32,0.64,0.4,0.8,0.326,0.652,0.2296,0.4592,0.227058824,0.454117647
0.55,0.16,0.32,0.32,0.64,0.4,0.8,0.33,0.66,0.232,0.464,0.229411765,0.458823529
0.56,0.16,0.32,0.32,0.64,0.4,0.8,0.334,0.668,0.2344,0.4688,0.231764706,0.463529412
0.57,0.16,0.32,0.32,0.64,0.4,0.8,0.338,0.676,0.2368,0.4736,0.234117647,0.468235294
0.58,0.16,0.32,0.32,0.64,0.4,0.8,0.342,0.684,0.2392,0.4784,0.236470588,0.472941176
0.59,0.16,0.32,0.32,0.64,0.4,0.8,0.346,0.692,0.2416,0.4832,0.238823529,0.477647059
0.6,0.16,0.32,0.32,0.64,0.4,0.8,0.35,0.7,0.244,0.488,0.241176471,0.482352941
0.61,0.16,0.32,0.32,0.64,0.4,0.8,0.354,0.708,0.2464,0.4928,0.243529412,0.487058824
0.62,0.16,0.32,0.32,0.64,0.4,0.8,0.358,0.716,0.2488,0.4976,0.245882353,0.491764706
0.63,0.16,0.32,0.32,0.64,0.4,0.8,0.362,0.724,0.2512,0.5024,0.248235294,0.496470588
0.64,0.16,0.32,0.32,0.64,0.4,0.8,0.366,0.732,0.2536,0.5072,0.250588235,0.501176471
0.65,0.16,0.32,0.32,0.64,0.4,0.8,0.37,0.74,0.256,0.512,0.252941176,0.505882353
0.66,0.16,0.32,0.32,0.64,0.4,0.8,0.374,0.748,0.2584,0.5168,0.255294118,0.510588235
0.67,0.16,0.32,0.32,0.64,0.4,0.8,0.378,0.756,0.2608,0.5216,0.257647059,0.515294118
0.68,0.16,0.32,0.32,0.64,0.4,0.8,0.382,0.764,0.2632,0.5264,0.26,0.52
0.69,0.16,0.32,0.32,0.64,0.4,0.8,0.386,0.772,0.2656,0.5312,0.262352941,0.524705882
0.7,0.16,0.32,0.32,0.64,0.4,0.8,0.39,0.78,0.268,0.536,0.264705882,0.529411765
0.71,0.16,0.32,0.32,0.64,0.4,0.8,0.394,0.788,0.2704,0.5408,0.267058824,0.534117647
0.72,0.16,0.32,0.32,0.64,0.4,0.8,0.398,0.796,0.2728,0.5456,0.269411765,0.538823529
0.73,0.16,0.32,0.32,0.64,0.4,0.8,0.402,0.804,0.2752,0.5504,0.271764706,0.543529412
0.74,0.16,0.32,0.32,0.64,0.4,0.8,0.406,0.812,0.2776,0.5552,0.274117647,0.548235294
0.75,0.16,0.32,0.32,0.64,0.4,0.8,0.41,0.82,0.28,0.56,0.276470588,0.552941176
0.76,0.16,0.32,0.32,0.64,0.4,0.8,0.414,0.828,0.2824,0.5648,0.278823529,0.557647059
0.77,0.16,0.32,0.32,0.64,0.4,0.8,0.418,0.836,0.2848,0.5696,0.281176471,0.562352941
0.78,0.16,0.32,0.32,0.64,0.4,0.8,0.422,0.844,0.2872,0.5744,0.283529412,0.567058824
0.79,0.16,0.32,0.32,0.64,0.4,0.8,0.426,0.852,0.2896,0.5792,0.285882353,0.571764706
0.8,0.16,0.32,0.32,0.64,0.4,0.8,0.43,0.86,0.292,0.584,0.288235294,0.576470588
0.81,0.16,0.32,0.32,0.64,0.4,0.8,0.434,0.868,0.2944,0.5888,0.290588235,0.581176471
0.82,0.16,0.32,0.32,0.64,0.4,0.8,0.438,0.876,0.2968,0.5936,0.292941176,0.585882353
0.83,0.16,0.32,0.32,0.64,0.4,0.8,0.442,0.884,0.2992,0.5984,0.295294118,0.590588235
0.84,0.16,0.32,0.32,0.64,0.4,0.8,0.446,0.892,0.3016,0.6032,0.297647059,0.595294118
0.85,0.16,0.32,0.32,0.64,0.4,0.8,0.45,0.9,0.304,0.608,0.3,0.6
0.86,0.16,0.32,0.32,0.64,0.4,0.8,0.45,0.9,0.3064,0.6128,0.3,0.6
0.87,0.16,0.32,0.32,0.64,0.4,0.8,0.45,0.9,0.3088,0.6176,0.3,0.6
0.88,0.16,0.32,0.32,0.64,0.4,0.8,0.45,0.9,0.3112,0.6224,0.3,0.6
0.89,0.16,0.32,0.32,0.64,0.4,0.8,0.45,0.9,0.3136,0.6272,0.3,0.6
0.9,0.16,0.32,0.32,0.64,0.4,0.8,0.45,0.9,0.316,0.632,0.3,0.6
0.91,0.16,0.32,0.32,0.64,0.4,0.8,0.45,0.9,0.3184,0.6368,0.3,0.6
0.92,0.16,0.32,0.32,0.64,0.4,0.8,0.45,0.9,0.3208,0.6416,0.3,0.6
0.93,0.16,0.32,0.32,0.64,0.4,0.8,0.45,0.9,0.3232,0.6464,0.3,0.6
0.94,0.16,0.32,0.32,0.64,0.4,0.8,0.45,0.9,0.3256,0.6512,0.3,0.6
0.95,0.16,0.32,0.32,0.64,0.4,0.8,0.45,0.9,0.328,0.656,0.3,0.6
0.96,0.16,0.32,0.32,0.64,0.4,0.8,0.45,0.9,0.3304,0.6608,0.3,0.6
0.97,0.16,0.32,0.32,0.64,0.4,0.8,0.45,0.9,0.3328,0.6656,0.3,0.6
0.98,0.16,0.32,0.32,0.64,0.4,0.8,0.45,0.9,0.3352,0.6704,0.3,0.6
0.99,0.16,0.32,0.32,0.64,0.4,0.8,0.45,0.9,0.3376,0.6752,0.3,0.6
1,0.16,0.32,0.32,0.64,0.4,0.8,0.45,0.9,0.34,0.68,0.3,0.6
1.01,0.16,0.32,0.32,0.64,0.4,0.8,0.45,0.9,0.3424,0.6848,0.3,0.6
1.02,0.16,0.32,0.32,0.64,0.4,0.8,0.45,0.9,0.3448,0.6896,0.3,0.6
1.03,0.16,0.32,0.32,0.64,0.4,0.8,0.45,0.9,0.3472,0.6944,0.3,0.6
1.04,0.16,0.32,0.32,0.64,0.4,0.8,0.45,0.9,0.3496,0.6992,0.3,0.6
1.05,0.16,0.32,0.32,0.64,0.4,0.8,0.45,0.9,0.352,0.704,0.3,0.6
1.06,0.16,0.32,0.32,0.64,0.4,0.8,0.45,0.9,0.3544,0.7088,0.3,0.6
1.07,0.16,0.32,0.32,0.64,0.4,0.8,0.45,0.9,0.3568,0.7136,0.3,0.6
1.08,0.16,0.32,0.32,0.64,0.4,0.8,0.45,0.9,0.3592,0.7184,0.3,0.6
1.09,0.16,0.32,0.32,0.64,0.4,0.8,0.45,0.9,0.3616,0.7232,0.3,0.6
1.1,0.16,0.32,0.32,0.64,0.4,0.8,0.45,0.9,0.364,0.728,0.3,0.6
1.11,0.16,0.32,0.32,0.64,0.4,0.8,0.45,0.9,0.3664,0.7328,0.3,0.6
1.12,0.16,0.32,0.32,0.64,0.4,0.8,0.45,0.9,0.3688,0.7376,0.3,0.6
1.13,0.16,0.32,0.32,0.64,0.4,0.8,0.45,0.9,0.3712,0.7424,0.3,0.6
1.14,0.16,0.32,0.32,0.64,0.4,0.8,0.45,0.9,0.3736,0.7472,0.3,0.6
1.15,0.16,0.32,0.32,0.64,0.4,0.8,0.45,0.9,0.376,0.752,0.3,0.6
1.16,0.16,0.32,0.32,0.64,0.4,0.8,0.45,0.9,0.3784,0.7568,0.3,0.6
1.17,0.16,0.32,0.32,0.64,0.4,0.8,0.45,0.9,0.3808,0.7616,0.3,0.6
1.18,0.16,0.32,0.32,0.64,0.4,0.8,0.45,0.9,0.3832,0.7664,0.3,0.6
1.19,0.16,0.32,0.32,0.64,0.4,0.8,0.45,0.9,0.3856,0.7712,0.3,0.6
1.2,0.16,0.32,0.32,0.64,0.4,0.8,0.45,0.9,0.388,0.776,0.3,0.6
1.21,0.16,0.32,0.32,0.64,0.4,0.8,0.45,0.9,0.3904,0.7808,0.3,0.6
1.22,0.16,0.32,0.32,0.64,0.4,0.8,0.45,0.9,0.3928,0.7856,0.3,0.6
1.23,0.16,0.32,0.32,0.64,0.4,0.8,0.45,0.9,0.3952,0.7904,0.3,0.6
1.24,0.16,0.32,0.32,0.64,0.4,0.8,0.45,0.9,0.3976,0.7952,0.3,0.6
1.25,0.16,0.32,0.32,0.64,0.4,0.8,0.45,0.9,0.4,0.8,0.3,0.6
1.26,0.16,0.32,0.32,0.64,0.4,0.8,0.45,0.9,0.4,0.8,0.3,0.6
1.27,0.16,0.32,0.32,0.64,0.4,0.8,0.45,0.9,0.4,0.8,0.3,0.6
1.28,0.16,0.32,0.32,0.64,0.4,0.8,0.45,0.9,0.4,0.8,0.3,0.6
1.29,0.16,0.32,0.32,0.64,0.4,0.8,0.45,0.9,0.4,0.8,0.3,0.6
1.3,0.16,0.32,0.32,0.64,0.4,0.8,0.45,0.9,0.4,0.8,0.3,0.6
1.31,0.16,0.32,0.32,0.64,0.4,0.8,0.45,0.9,0.4,0.8,0.3,0.6
1.32,0.16,0.32,0.32,0.64,0.4,0.8,0.45,0.9,0.4,0.8,0.3,0.6
1.33,0.16,0.32,0.32,0.64,0.4,0.8,0.45,0.9,0.4,0.8,0.3,0.6
1.34,0.16,0.32,0.32,0.64,0.4,0.8,0.45,0.9,0.4,0.8,0.3,0.6
1.35,0.16,0.32,0.32,0.64,0.4,0.8,0.45,0.9,0.4,0.8,0.3,0.6
1.36,0.158823529,0.317647059,0.316874391,0.633748782,0.4,0.8,0.45,0.9,0.4,0.8,0.3,0.6
1.37,0.157664234,0.315328467,0.313801876,0.627603753,0.4,0.8,0.45,0.9,0.4,0.8,0.3,0.6
1.38,0.156521739,0.313043478,0.310781176,0.621562352,0.4,0.8,0.45,0.9,0.4,0.8,0.3,0.6
1.39,0.155395683,0.310791367,0.30781105,0.6156221,0.4,0.8,0.45,0.9,0.4,0.8,0.3,0.6
1.4,0.154285714,0.308571429,0.304890297,0.609780593,0.4,0.8,0.45,0.9,0.4,0.8,0.3,0.6
1.41,0.153191489,0.306382979,0.302017752,0.604035504,0.4,0.8,0.45,0.9,0.4,0.8,0.3,0.6
1.42,0.152112676,0.304225352,0.299192286,0.598384572,0.4,0.8,0.45,0.9,0.4,0.8,0.3,0.6
1.43,0.151048951,0.302097902,0.296412805,0.592825609,0.4,0.8,0.45,0.9,0.4,0.8,0.3,0.6
1.44,0.15,0.3,0.293678245,0.58735649,0.4,0.8,0.45,0.9,0.4,0.8,0.3,0.6
1.45,0.148965517,0.297931034,0.290987576,0.581975153,0.4,0.8,0.45,0.9,0.4,0.8,0.3,0.6
1.46,0.147945205,0.295890411,0.2883398,0.576679599,0.4,0.8,0.45,0.9,0.4,0.8,0.3,0.6
1.47,0.146938776,0.293877551,0.285733944,0.571467887,0.4,0.8,0.45,0.9,0.4,0.8,0.3,0.6
1.48,0.145945946,0.291891892,0.283169066,0.566338133,0.4,0.8,0.45,0.9,0.4,0.8,0.3,0.6
1.49,0.144966443,0.289932886,0.280644253,0.561288506,0.4,0.8,0.45,0.9,0.4,0.8,0.3,0.6
1.5,0.144,0.288,0.278158615,0.556317231,0.4,0.8,0.45,0.9,0.4,0.8,0.3,0.6
1.51,0.143046358,0.286092715,0.27571129,0.55142258,0.4,0.8,0.45,0.9,0.4,0.8,0.3,0.6
1.52,0.142105263,0.284210526,0.273301439,0.546602878,0.4,0.8,0.45,0.9,0.4,0.8,0.3,0.6
1.53,0.141176471,0.282352941,0.270928247,0.541856495,0.4,0.8,0.45,0.9,0.4,0.8,0.3,0.6
1.54,0.14025974,0.280519481,0.268590923,0.537181846,0.4,0.8,0.45,0.9,0.4,0.8,0.3,0.6
1.55,0.139354839,0.278709677,0.266288697,0.532577393,0.4,0.8,0.45,0.9,0.4,0.8,0.3,0.6
1.56,0.138461538,0.276923077,0.264020819,0.528041639,0.4,0.8,0.45,0.9,0.4,0.8,0.3,0.6
1.57,0.137579618,0.275159236,0.261786564,0.523573128,0.4,0.8,0.45,0.9,0.4,0.8,0.3,0.6
1.58,0.136708861,0.273417722,0.259585222,0.519170444,0.4,0.8,0.45,0.9,0.4,0.8,0.3,0.6
1.59,0.135849057,0.271698113,0.257416105,0.514832211,0.4,0.8,0.45,0.9,0.4,0.8,0.3,0.6
1.6,0.135,0.27,0.255278544,0.510557087,0.4,0.8,0.45,0.9,0.4,0.8,0.3,0.6
1.61,0.134161491,0.268322981,0.253171885,0.50634377,0.4,0.8,0.45,0.9,0.4,0.8,0.3,0.6
1.62,0.133333333,0.266666667,0.251095495,0.50219099,0.4,0.8,0.45,0.9,0.4,0.8,0.3,0.6
1.63,0.132515337,0.265030675,0.249048756,0.498097512,0.4,0.8,0.45,0.9,0.4,0.8,0.3,0.6
1.64,0.131707317,0.263414634,0.247031066,0.494062132,0.4,0.8,0.45,0.9,0.4,0.8,0.3,0.6
1.65,0.130909091,0.261818182,0.24504184,0.49008368,0.4,0.8,0.45,0.9,0.4,0.8,0.3,0.6
1.66,0.130120482,0.260240964,0.243080507,0.486161014,0.4,0.8,0.45,0.9,0.4,0.8,0.3,0.6
1.67,0.129341317,0.258682635,0.241146512,0.482293023,0.4,0.8,0.45,0.9,0.4,0.8,0.3,0.6
1.68,0.128571429,0.257142857,0.239239313,0.478478625,0.4,0.8,0.45,0.9,0.4,0.8,0.3,0.6
1.69,0.127810651,0.255621302,0.237358382,0.474716764,0.4,0.8,0.45,0.9,0.4,0.8,0.3,0.6
1.7,0.127058824,0.254117647,0.235503207,0.471006413,0.4,0.8,0.45,0.9,0.4,0.8,0.3,0.6
1.71,0.126315789,0.252631579,0.233673285,0.46734657,0.4,0.8,0.45,0.9,0.4,0.8,0.3,0.6
1.72,0.125581395,0.251162791,0.231868128,0.463736256,0.4,0.8,0.45,0.9,0.4,0.8,0.3,0.6
1.73,0.124855491,0.249710983,0.23008726,0.460174521,0.4,0.8,0.45,0.9,0.4,0.8,0.3,0.6
1.74,0.124137931,0.248275862,0.228330217,0.456660435,0.4,0.8,0.45,0.9,0.4,0.8,0.3,0.6
1.75,0.123428571,0.246857143,0.226596546,0.453193092,0.4,0.8,0.45,0.9,0.4,0.8,0.3,0.6
1.76,0.122727273,0.245454545,0.224885804,0.449771609,0.4,0.8,0.45,0.9,0.4,0.8,0.3,0.6
1.77,0.122033898,0.244067797,0.223197562,0.446395124,0.4,0.8,0.45,0.9,0.4,0.8,0.3,0.6
1.78,0.121348315,0.242696629,0.221531398,0.443062795,0.4,0.8,0.45,0.9,0.4,0.8,0.3,0.6
1.79,0.120670391,0.241340782,0.219886901,0.439773803,0.4,0.8,0.45,0.9,0.4,0.8,0.3,0.6
1.8,0.12,0.24,0.218263673,0.436527345,0.4,0.8,0.45,0.9,0.4,0.8,0.3,0.6
1.81,0.119337017,0.238674033,0.216661321,0.433322641,0.39559232,0.79118464,0.45,0.9,0.4,0.8,0.3,0.6
1.82,0.118681319,0.237362637,0.215079463,0.430158927,0.391257095,0.782514189,0.45,0.9,0.4,0.8,0.3,0.6
1.83,0.118032787,0.236065574,0.213517729,0.427035457,0.386992744,0.773985488,0.45,0.9,0.4,0.8,0.3,0.6
1.84,0.117391304,0.234782609,0.211975753,0.423951505,0.382797732,0.765595463,0.45,0.9,0.4,0.8,0.3,0.6
1.85,0.116756757,0.233513514,0.21045318,0.420906359,0.378670562,0.757341125,0.45,0.9,0.4,0.8,0.3,0.6
1.86,0.116129032,0.232258065,0.208949663,0.417899326,0.374609781,0.749219563,0.45,0.9,0.4,0.8,0.3,0.6
1.87,0.115508021,0.231016043,0.207464863,0.414929726,0.370613972,0.741227945,0.45,0.9,0.4,0.8,0.3,0.6
1.88,0.114893617,0.229787234,0.205998449,0.411996898,0.366681756,0.733363513,0.45,0.9,0.4,0.8,0.3,0.6
1.89,0.114285714,0.228571429,0.204550098,0.409100195,0.362811791,0.725623583,0.45,0.9,0.4,0.8,0.3,0.6
1.9,0.113684211,0.227368421,0.203119492,0.406238983,0.35900277,0.71800554,0.45,0.9,0.4,0.8,0.3,0.6
1.91,0.113089005,0.22617801,0.201706323,0.403412646,0.35525342,0.710506839,0.45,0.9,0.4,0.8,0.3,0.6
1.92,0.1125,0.225,0.200310288,0.400620577,0.3515625,0.703125,0.45,0.9,0.4,0.8,0.3,0.6
1.93,0.111917098,0.223834197,0.198931093,0.397862187,0.347928803,0.695857607,0.45,0.9,0.4,0.8,0.3,0.6
1.94,0.111340206,0.222680412,0.197568449,0.395136897,0.344351153,0.688702306,0.45,0.9,0.4,0.8,0.3,0.6
1.95,0.110769231,0.221538462,0.196222072,0.392444144,0.340828402,0.681656805,0.45,0.9,0.4,0.8,0.3,0.6
1.96,0.110204082,0.220408163,0.194891687,0.389783375,0.337359434,0.674718867,0.45,0.9,0.4,0.8,0.3,0.6
1.97,0.10964467,0.21928934,0.193577024,0.387154049,0.333943158,0.667886315,0.45,0.9,0.4,0.8,0.3,0.6
1.98,0.109090909,0.218181818,0.192277819,0.384555638,0.330578512,0.661157025,0.45,0.9,0.4,0.8,0.3,0.6
1.99,0.108542714,0.217085427,0.190993813,0.381987626,0.327264463,0.654528926,0.45,0.9,0.4,0.8,0.3,0.6
2,0.108,0.216,0.189724753,0.379449506,0.324,0.648,0.45,0.9,0.4,0.8,0.3,0.6
2.01,0.107462687,0.214925373,0.188470392,0.376940784,0.320784139,0.641568278,0.45,0.9,0.4,0.8,0.3,0.6
2.02,0.106930693,0.213861386,0.187230488,0.374460976,0.31761592,0.63523184,0.45,0.9,0.4,0.8,0.3,0.6
2.03,0.106403941,0.212807882,0.186004804,0.372009607,0.314494407,0.628988813,0.45,0.9,0.4,0.8,0.3,0.6
2.04,0.105882353,0.211764706,0.184793107,0.369586214,0.311418685,0.62283737,0.45,0.9,0.4,0.8,0.3,0.6
2.05,0.105365854,0.210731707,0.183595172,0.367190343,0.308387864,0.616775729,0.45,0.9,0.4,0.8,0.3,0.6
2.06,0.104854369,0.209708738,0.182410775,0.364821549,0.305401075,0.610802149,0.45,0.9,0.4,0.8,0.3,0.6
2.07,0.104347826,0.208695652,0.181239698,0.362479397,0.302457467,0.604914934,0.45,0.9,0.4,0.8,0.3,0.6
2.08,0.103846154,0.207692308,0.18008173,0.360163461,0.299556213,0.599112426,0.45,0.9,0.4,0.8,0.3,0.6
2.09,0.103349282,0.206698565,0.178936661,0.357873323,0.296696504,0.593393008,0.45,0.9,0.4,0.8,0.3,0.6
2.1,0.102857143,0.205714286,0.177804287,0.355608574,0.293877551,0.587755102,0.45,0.9,0.4,0.8,0.3,0.6
2.11,0.102369668,0.204739336,0.176684408,0.353368815,0.291098583,0.582197165,0.45,0.9,0.4,0.8,0.3,0.6
2.12,0.101886792,0.203773585,0.175576827,0.351153653,0.288358847,0.576717693,0.45,0.9,0.4,0.8,0.3,0.6
2.13,0.101408451,0.202816901,0.174481352,0.348962704,0.285657608,0.571315215,0.45,0.9,0.4,0.8,0.3,0.6
2.14,0.100934579,0.201869159,0.173397796,0.346795591,0.282994148,0.565988296,0.45,0.9,0.4,0.8,0.3,0.6
2.15,0.100465116,0.200930233,0.172325973,0.344651946,0.280367766,0.560735533,0.45,0.9,0.4,0.8,0.3,0.6
2.16,0.1,0.2,0.171265703,0.342531406,0.277777778,0.555555556,0.45,0.9,0.4,0.8,0.3,0.6
2.17,0.099539171,0.199078341,0.170216809,0.340433618,0.275223513,0.550447026,0.45,0.9,0.4,0.8,0.3,0.6
2.18,0.099082569,0.198165138,0.169179117,0.338358234,0.272704318,0.545408636,0.45,0.9,0.4,0.8,0.3,0.6
2.19,0.098630137,0.197260274,0.168152457,0.336304914,0.270219553,0.540439107,0.45,0.9,0.4,0.8,0.3,0.6
2.2,0.098181818,0.196363636,0.167136662,0.334273324,0.267768595,0.53553719,0.45,0.9,0.4,0.8,0.3,0.6
2.21,0.097737557,0.195475113,0.166131569,0.332263138,0.265350832,0.530701665,0.45,0.9,0.4,0.8,0.3,0.6
2.22,0.097297297,0.194594595,0.165137017,0.330274033,0.262965668,0.525931337,0.45,0.9,0.4,0.8,0.3,0.6
2.23,0.096860987,0.193721973,0.164152848,0.328305696,0.26061252,0.52122504,0.45,0.9,0.4,0.8,0.3,0.6
2.24,0.096428571,0.192857143,0.163178909,0.326357819,0.258290816,0.516581633,0.45,0.9,0.4,0.8,0.3,0.6
2.25,0.096,0.192,0.162215049,0.324430097,0.256,0.512,0.45,0.9,0.4,0.8,0.3,0.6
2.26,0.095575221,0.191150442,0.161261118,0.322522236,0.253739525,0.507479051,0.45,0.9,0.4,0.8,0.3,0.6
2.27,0.095154185,0.19030837,0.160316972,0.320633943,0.251508859,0.503017718,0.45,0.9,0.4,0.8,0.3,0.6
2.28,0.094736842,0.189473684,0.159382467,0.318764933,0.249307479,0.498614958,0.45,0.9,0.4,0.8,0.3,0.6
2.29,0.094323144,0.188646288,0.158457463,0.316914926,0.247134875,0.494269751,0.45,0.9,0.4,0.8,0.3,0.6
2.3,0.093913043,0.187826087,0.157541824,0.315083647,0.244990548,0.489981096,0.45,0.9,0.4,0.8,0.3,0.6
2.31,0.093506494,0.187012987,0.156635413,0.313270826,0.242874009,0.485748018,0.45,0.9,0.4,0.8,0.3,0.6
2.32,0.093103448,0.186206897,0.155738099,0.311476199,0.24078478,0.48156956,0.45,0.9,0.4,0.8,0.3,0.6
2.33,0.092703863,0.185407725,0.154849752,0.309699505,0.238722393,0.477444786,0.45,0.9,0.4,0.8,0.3,0.6
2.34,0.092307692,0.184615385,0.153970245,0.307940489,0.236686391,0.473372781,0.45,0.9,0.4,0.8,0.3,0.6
2.35,0.091914894,0.183829787,0.153099451,0.306198902,0.234676324,0.469352648,0.45,0.9,0.4,0.8,0.3,0.6
2.36,0.091525424,0.183050847,0.152237249,0.304474497,0.232691755,0.46538351,0.45,0.9,0.4,0.8,0.3,0.6
2.37,0.091139241,0.182278481,0.151383517,0.302767034,0.230732254,0.461464509,0.45,0.9,0.4,0.8,0.3,0.6
2.38,0.090756303,0.181512605,0.150538137,0.301076274,0.228797401,0.457594803,0.45,0.9,0.4,0.8,0.3,0.6
2.39,0.090376569,0.180753138,0.149700993,0.299401987,0.226886784,0.453773568,0.45,0.9,0.4,0.8,0.3,0.6
2.4,0.09,0.18,0.148871971,0.297743942,0.225,0.45,0.45,0.9,0.4,0.8,0.3,0.6
2.41,0.089626556,0.179253112,0.148050959,0.296101917,0.223136654,0.446273308,0.45,0.9,0.4,0.8,0.3,0.6
2.42,0.089256198,0.178512397,0.147237845,0.294475691,0.22129636,0.442592719,0.45,0.9,0.4,0.8,0.3,0.6
2.43,0.088888889,0.177777778,0.146432523,0.292865047,0.219478738,0.438957476,0.45,0.9,0.4,0.8,0.3,0.6
2.44,0.08852459,0.17704918,0.145634886,0.291269773,0.217683418,0.435366837,0.45,0.9,0.4,0.8,0.3,0.6
2.45,0.088163265,0.176326531,0.14484483,0.28968966,0.215910037,0.431820075,0.45,0.9,0.4,0.8,0.3,0.6
2.46,0.087804878,0.175609756,0.144062252,0.288124503,0.214158239,0.428316478,0.45,0.9,0.4,0.8,0.3,0.6
2.47,0.087449393,0.174898785,0.14328705,0.286574101,0.212427675,0.424855349,0.45,0.9,0.4,0.8,0.3,0.6
2.48,0.087096774,0.174193548,0.142519127,0.285038255,0.210718002,0.421436004,0.45,0.9,0.4,0.8,0.3,0.6
2.49,0.086746988,0.173493976,0.141758386,0.283516771,0.209028887,0.418057773,0.45,0.9,0.4,0.8,0.3,0.6
2.5,0.0864,0.1728,0.141004729,0.282009458,0.20736,0.41472,0.45,0.9,0.4,0.8,0.3,0.6
2.51,0.086055777,0.172111554,0.140258064,0.280516129,0.20571102,0.411422041,0.45,0.9,0.4,0.8,0.3,0.6
2.52,0.085714286,0.171428571,0.139518299,0.279036597,0.204081633,0.408163265,0.45,0.9,0.4,0.8,0.3,0.6
2.53,0.085375494,0.170750988,0.138785341,0.277570682,0.202471527,0.404943055,0.45,0.9,0.4,0.8,0.3,0.6
2.54,0.08503937,0.17007874,0.138059103,0.276118206,0.200880402,0.401760804,0.45,0.9,0.4,0.8,0.3,0.6
2.55,0.084705882,0.169411765,0.137339496,0.274678993,0.199307958,0.398615917,0.45,0.9,0.4,0.8,0.3,0.6
2.56,0.084375,0.16875,0.136626435,0.27325287,0.197753906,0.395507813,0.45,0.9,0.4,0.8,0.3,0.6
2.57,0.084046693,0.168093385,0.135919834,0.271839669,0.196217959,0.392435919,0.45,0.9,0.4,0.8,0.3,0.6
2.58,0.08372093,0.16744186,0.135219611,0.270439222,0.194699838,0.389399676,0.45,0.9,0.4,0.8,0.3,0.6
2.59,0.083397683,0.166795367,0.134525683,0.269051365,0.193199267,0.386398533,0.45,0.9,0.4,0.8,0.3,0.6
2.6,0.083076923,0.166153846,0.133837969,0.267675938,0.191715976,0.383431953,0.45,0.9,0.4,0.8,0.3,0.6
2.61,0.082758621,0.165517241,0.133156391,0.266312782,0.190249703,0.380499405,0.45,0.9,0.4,0.8,0.3,0.6
2.62,0.082442748,0.164885496,0.13248087,0.264961741,0.188800186,0.377600373,0.45,0.9,0.4,0.8,0.3,0.6
2.63,0.082129278,0.164258555,0.131811331,0.263622662,0.187367173,0.374734346,0.45,0.9,0.4,0.8,0.3,0.6
2.64,0.081818182,0.163636364,0.131147697,0.262295393,0.185950413,0.371900826,0.45,0.9,0.4,0.8,0.3,0.6
2.65,0.081509434,0.163018868,0.130489894,0.260979788,0.184549662,0.369099324,0.45,0.9,0.4,0.8,0.3,0.6
2.66,0.081203008,0.162406015,0.12983785,0.259675699,0.183164679,0.366329357,0.45,0.9,0.4,0.8,0.3,0.6
2.67,0.080898876,0.161797753,0.129191492,0.258382983,0.181795228,0.363590456,0.45,0.9,0.4,0.8,0.3,0.6
2.68,0.080597015,0.16119403,0.12855075,0.2571015,0.180441078,0.360882156,0.45,0.9,0.4,0.8,0.3,0.6
2.69,0.080297398,0.160594796,0.127915555,0.255831109,0.179102002,0.358204005,0.45,0.9,0.4,0.8,0.3,0.6
2.7,0.08,0.16,0.127285837,0.254571675,0.177777778,0.355555556,0.45,0.9,0.4,0.8,0.3,0.6
2.71,0.079704797,0.159409594,0.126661531,0.253323062,0.176468185,0.352936371,0.45,0.9,0.4,0.8,0.3,0.6
2.72,0.079411765,0.158823529,0.126042569,0.252085139,0.17517301,0.350346021,0.45,0.9,0.4,0.8,0.3,0.6
2.73,0.079120879,0.158241758,0.125428887,0.250857775,0.173892042,0.347784084,0.45,0.9,0.4,0.8,0.3,0.6
2.74,0.078832117,0.157664234,0.124820421,0.249640841,0.172625073,0.345250147,0.45,0.9,0.4,0.8,0.3,0.6
2.75,0.078545455,0.157090909,0.124217106,0.248434212,0.171371901,0.342743802,0.45,0.9,0.4,0.8,0.3,0.6
2.76,0.07826087,0.156521739,0.123618882,0.247237764,0.170132325,0.34026465,0.45,0.9,0.4,0.8,0.3,0.6
2.77,0.077978339,0.155956679,0.123025687,0.246051373,0.16890615,0.3378123,0.45,0.9,0.4,0.8,0.3,0.6
2.78,0.077697842,0.155395683,0.12243746,0.24487492,0.167693184,0.335386367,0.45,0.9,0.4,0.8,0.3,0.6
2.79,0.077419355,0.15483871,0.121854143,0.243708286,0.166493236,0.332986472,0.45,0.9,0.4,0.8,0.3,0.6
2.8,0.077142857,0.154285714,0.121275677,0.242551355,0.165306122,0.330612245,0.45,0.9,0.4,0.8,0.3,0.6
2.81,0.076868327,0.153736655,0.120702005,0.24140401,0.16413166,0.32826332,0.45,0.9,0.4,0.8,0.3,0.6
2.82,0.076595745,0.153191489,0.12013307,0.24026614,0.16296967,0.325939339,0.45,0.9,0.4,0.8,0.3,0.6
2.83,0.076325088,0.152650177,0.119568817,0.239137633,0.161819975,0.323639951,0.45,0.9,0.4,0.8,0.3,0.6
2.84,0.076056338,0.152112676,0.11900919,0.238018379,0.160682404,0.321364809,0.45,0.9,0.4,0.8,0.3,0.6
2.85,0.075789474,0.151578947,0.118454135,0.236908271,0.159556787,0.319113573,0.45,0.9,0.4,0.8,0.3,0.6
2.86,0.075524476,0.151048951,0.1179036,0.2358072,0.158442956,0.316885911,0.45,0.9,0.4,0.8,0.3,0.6
2.87,0.075261324,0.150522648,0.117357532,0.234715064,0.157340747,0.314681494,0.45,0.9,0.4,0.8,0.3,0.6
2.88,0.075,0.15,0.116815879,0.233631758,0.15625,0.3125,0.45,0.9,0.4,0.8,0.3,0.6
2.89,0.074740484,0.149480969,0.116278591,0.232557181,0.155170556,0.310341112,0.45,0.9,0.4,0.8,0.3,0.6
2.9,0.074482759,0.148965517,0.115745617,0.231491233,0.154102259,0.308204518,0.45,0.9,0.4,0.8,0.3,0.6
2.91,0.074226804,0.148453608,0.115216908,0.230433815,0.153044957,0.306089914,0.45,0.9,0.4,0.8,0.3,0.6
2.92,0.073972603,0.147945205,0.114692415,0.22938483,0.151998499,0.303996998,0.45,0.9,0.4,0.8,0.3,0.6
2.93,0.073720137,0.147440273,0.114172091,0.228344182,0.150962737,0.301925474,0.45,0.9,0.4,0.8,0.3,0.6
2.94,0.073469388,0.146938776,0.113655888,0.227311777,0.149937526,0.299875052,0.45,0.9,0.4,0.8,0.3,0.6
2.95,0.073220339,0.146440678,0.113143761,0.226287521,0.148922723,0.297845447,0.45,0.9,0.4,0.8,0.3,0.6
2.96,0.072972973,0.145945946,0.112635662,0.225271323,0.147918188,0.295836377,0.45,0.9,0.4,0.8,0.3,0.6
2.97,0.072727273,0.145454545,0.112131547,0.224263093,0.146923783,0.293847567,0.45,0.9,0.4,0.8,0.3,0.6
2.98,0.072483221,0.144966443,0.111631371,0.223262742,0.145939372,0.291878744,0.45,0.9,0.4,0.8,0.3,0.6
2.99,0.072240803,0.144481605,0.111135091,0.222270182,0.144964821,0.289929643,0.45,0.9,0.4,0.8,0.3,0.6
3,0.072,0.144,0.110642663,0.221285327,0.144,0.288,0.45,0.9,0.4,0.8,0.3,0.6
3.01,0.071760797,0.143521595,0.110154045,0.220308091,0.143044779,0.286089558,0.447014934,0.894029867,0.4,0.8,0.3,0.6
3.02,0.071523179,0.143046358,0.109669195,0.21933839,0.142099031,0.284198061,0.444059471,0.888118942,0.4,0.8,0.3,0.6
3.03,0.071287129,0.142574257,0.109188071,0.218376143,0.141162631,0.282325262,0.441133222,0.882266444,0.4,0.8,0.3,0.6
3.04,0.071052632,0.142105263,0.108710633,0.217421266,0.140235457,0.280470914,0.438235803,0.876471607,0.4,0.8,0.3,0.6
3.05,0.070819672,0.141639344,0.10823684,0.21647368,0.139317388,0.278634776,0.435366837,0.870733674,0.4,0.8,0.3,0.6
3.06,0.070588235,0.141176471,0.107766653,0.215533305,0.138408304,0.276816609,0.432525952,0.865051903,0.4,0.8,0.3,0.6
3.07,0.070358306,0.140716612,0.107300032,0.214600064,0.13750809,0.275016181,0.429712782,0.859425564,0.4,0.8,0.3,0.6
3.08,0.07012987,0.14025974,0.106836939,0.213673878,0.13661663,0.27323326,0.426926969,0.853853938,0.4,0.8,0.3,0.6
3.09,0.069902913,0.139805825,0.106377337,0.212754673,0.135733811,0.271467622,0.424168159,0.848336318,0.4,0.8,0.3,0.6
3.1,0.069677419,0.139354839,0.105921187,0.211842373,0.134859521,0.269719043,0.421436004,0.842872008,0.4,0.8,0.3,0.6
3.11,0.069453376,0.138906752,0.105468452,0.210936905,0.133993652,0.267987304,0.418730162,0.837460324,0.4,0.8,0.3,0.6
3.12,0.069230769,0.138461538,0.105019097,0.210038194,0.133136095,0.266272189,0.416050296,0.832100592,0.4,0.8,0.3,0.6
3.13,0.069009585,0.138019169,0.104573085,0.209146171,0.132286744,0.264573488,0.413396074,0.826792149,0.4,0.8,0.3,0.6
3.14,0.068789809,0.137579618,0.104130381,0.208260763,0.131445495,0.262890989,0.410767171,0.821534342,0.4,0.8,0.3,0.6
3.15,0.068571429,0.137142857,0.10369095,0.2073819,0.130612245,0.26122449,0.408163265,0.816326531,0.4,0.8,0.3,0.6
3.16,0.06835443,0.136708861,0.103254757,0.206509515,0.129786893,0.259573786,0.405584041,0.811168082,0.4,0.8,0.3,0.6
3.17,0.068138801,0.136277603,0.102821769,0.205643538,0.12896934,0.25793868,0.403029187,0.806058375,0.4,0.8,0.3,0.6
3.18,0.067924528,0.135849057,0.102391952,0.204783903,0.128159487,0.256318975,0.400498398,0.800996796,0.4,0.8,0.3,0.6
3.19,0.067711599,0.135423197,0.101965272,0.203930544,0.127357239,0.254714478,0.397991372,0.795982744,0.4,0.8,0.3,0.6
3.2,0.0675,0.135,0.101541697,0.203083395,0.1265625,0.253125,0.395507813,0.791015625,0.4,0.8,0.3,0.6
3.21,0.06728972,0.134579439,0.101121196,0.202242392,0.125775177,0.251550354,0.393047428,0.786094855,0.4,0.8,0.3,0.6
3.22,0.067080745,0.134161491,0.100703736,0.201407471,0.124995178,0.249990355,0.39060993,0.78121986,0.4,0.8,0.3,0.6
3.23,0.066873065,0.13374613,0.100289285,0.20057857,0.124222412,0.248444824,0.388195037,0.776390074,0.4,0.8,0.3,0.6
3.24,0.066666667,0.133333333,0.099877814,0.199755627,0.12345679,0.24691358,0.385802469,0.771604938,0.4,0.8,0.3,0.6
3.25,0.066461538,0.132923077,0.099469291,0.198938581,0.122698225,0.24539645,0.383431953,0.766863905,0.4,0.8,0.3,0.6
3.26,0.066257669,0.132515337,0.099063686,0.198127372,0.12194663,0.243893259,0.381083217,0.762166435,0.4,0.8,0.3,0.6
3.27,0.066055046,0.132110092,0.09866097,0.197321939,0.121201919,0.242403838,0.378755997,0.757511994,0.4,0.8,0.3,0.6
3.28,0.065853659,0.131707317,0.098261113,0.196522226,0.12046401,0.240928019,0.37645003,0.752900059,0.4,0.8,0.3,0.6
3.29,0.065653495,0.131306991,0.097864086,0.195728173,0.119732818,0.239465637,0.374165058,0.748330115,0.4,0.8,0.3,0.6
3.3,0.065454545,0.130909091,0.097469862,0.194939724,0.119008264,0.238016529,0.371900826,0.743801653,0.4,0.8,0.3,0.6
3.31,0.065256798,0.130513595,0.097078411,0.194156822,0.118290268,0.236580535,0.369657086,0.739314172,0.4,0.8,0.3,0.6
3.32,0.065060241,0.130120482,0.096689706,0.193379412,0.117578749,0.235157497,0.36743359,0.73486718,0.4,0.8,0.3,0.6
3.33,0.064864865,0.12972973,0.096303719,0.192607438,0.11687363,0.233747261,0.365230095,0.73046019,0.4,0.8,0.3,0.6
3.34,0.064670659,0.129341317,0.095920424,0.191840848,0.116174836,0.232349672,0.363046362,0.726092725,0.4,0.8,0.3,0.6
3.35,0.064477612,0.128955224,0.095539793,0.191079586,0.11548229,0.23096458,0.360882156,0.721764313,0.4,0.8,0.3,0.6
3.36,0.064285714,0.128571429,0.095161801,0.190323601,0.114795918,0.229591837,0.358737245,0.71747449,0.4,0.8,0.3,0.6
3.37,0.064094955,0.128189911,0.09478642,0.189572841,0.114115648,0.228231296,0.356611399,0.713222798,0.4,0.8,0.3,0.6
3.38,0.063905325,0.127810651,0.094413626,0.188827253,0.113441406,0.226882812,0.354504394,0.709008788,0.4,0.8,0.3,0.6
3.39,0.063716814,0.127433628,0.094043393,0.188086787,0.112773122,0.225546245,0.352416008,0.704832015,0.4,0.8,0.3,0.6
3.4,0.063529412,0.127058824,0.093675696,0.187351393,0.112110727,0.224221453,0.350346021,0.700692042,0.4,0.8,0.3,0.6
3.41,0.063343109,0.126686217,0.093310511,0.186621021,0.11145415,0.2229083,0.348294218,0.696588437,0.4,0.8,0.3,0.6
3.42,0.063157895,0.126315789,0.092947812,0.185895623,0.110803324,0.221606648,0.346260388,0.692520776,0.4,0.8,0.3,0.6
3.43,0.062973761,0.125947522,0.092587575,0.185175151,0.110158182,0.220316365,0.34424432,0.68848864,0.4,0.8,0.3,0.6
3.44,0.062790698,0.125581395,0.092229778,0.184459555,0.109518659,0.219037317,0.342245809,0.684491617,0.4,0.8,0.3,0.6
3.45,0.062608696,0.125217391,0.091874395,0.183748791,0.108884688,0.217769376,0.34026465,0.680529301,0.4,0.8,0.3,0.6
3.46,0.062427746,0.124855491,0.091521405,0.18304281,0.108256206,0.216512413,0.338300645,0.67660129,0.4,0.8,0.3,0.6
3.47,0.062247839,0.124495677,0.091170784,0.182341568,0.10763315,0.215266301,0.336353595,0.67270719,0.4,0.8,0.3,0.6
3.48,0.062068966,0.124137931,0.090822509,0.181645018,0.107015458,0.214030916,0.334423306,0.668846611,0.4,0.8,0.3,0.6
3.49,0.061891117,0.123782235,0.090476558,0.180953117,0.106403067,0.212806135,0.332509585,0.665019171,0.4,0.8,0.3,0.6
3.5,0.061714286,0.123428571,0.09013291,0.180265819,0.105795918,0.211591837,0.330612245,0.66122449,0.4,0.8,0.3,0.6
3.51,0.061538462,0.123076923,0.089791541,0.179583082,0.105193951,0.210387903,0.328731098,0.657462196,0.4,0.8,0.3,0.6
3.52,0.061363636,0.122727273,0.089452431,0.178904862,0.104597107,0.209194215,0.326865961,0.653731921,0.4,0.8,0.3,0.6
3.53,0.061189802,0.122379603,0.089115558,0.178231117,0.104005329,0.208010657,0.325016652,0.650033304,0.4,0.8,0.3,0.6
3.54,0.061016949,0.122033898,0.088780902,0.177561804,0.103418558,0.206837116,0.323182993,0.646365987,0.4,0.8,0.3,0.6
3.55,0.06084507,0.121690141,0.088448441,0.176896881,0.102836739,0.205673477,0.321364809,0.642729617,0.4,0.8,0.3,0.6
3.56,0.060674157,0.121348315,0.088118155,0.176236309,0.102259816,0.204519631,0.319561924,0.639123848,0.4,0.8,0.3,0.6
3.57,0.060504202,0.121008403,0.087790023,0.175580046,0.101687734,0.203375468,0.317774168,0.635548337,0.4,0.8,0.3,0.6
3.58,0.060335196,0.120670391,0.087464026,0.174928052,0.101120439,0.202240879,0.316001373,0.632002746,0.4,0.8,0.3,0.6
3.59,0.060167131,0.120334262,0.087140144,0.174280288,0.100557879,0.201115758,0.314243372,0.628486744,0.4,0.8,0.3,0.6
3.6,0.06,0.12,0.086818357,0.173636715,0.1,0.2,0.3125,0.625,0.4,0.8,0.3,0.6
3.61,0.059833795,0.11966759,0.086498647,0.172997293,0.099446751,0.198893501,0.310771096,0.621542192,0.4,0.8,0.3,0.6
3.62,0.059668508,0.119337017,0.086180993,0.172361985,0.09889808,0.19779616,0.3090565,0.618113,0.4,0.8,0.3,0.6
3.63,0.059504132,0.119008264,0.085865377,0.171730753,0.098353938,0.196707875,0.307356055,0.61471211,0.4,0.8,0.3,0.6
3.64,0.059340659,0.118681319,0.08555178,0.17110356,0.097814274,0.195628547,0.305669605,0.61133921,0.4,0.8,0.3,0.6
3.65,0.059178082,0.118356164,0.085240184,0.170480369,0.097279039,0.194558078,0.303996998,0.607993995,0.4,0.8,0.3,0.6
3.66,0.059016393,0.118032787,0.084930572,0.169861143,0.096748186,0.193496372,0.302338081,0.604676162,0.4,0.8,0.3,0.6
3.67,0.058855586,0.117711172,0.084622923,0.169245847,0.096221666,0.192443332,0.300692707,0.601385414,0.4,0.8,0.3,0.6
3.68,0.058695652,0.117391304,0.084317222,0.168634445,0.095699433,0.191398866,0.299060728,0.598121456,0.4,0.8,0.3,0.6
3.69,0.058536585,0.117073171,0.084013451,0.168026902,0.09518144,0.190362879,0.297441999,0.594883998,0.4,0.8,0.3,0.6
3.7,0.058378378,0.116756757,0.083711591,0.167423183,0.094667641,0.189335281,0.295836377,0.591672754,0.4,0.8,0.3,0.6
3.71,0.058221024,0.116442049,0.083411627,0.166823253,0.094157991,0.188315981,0.294243721,0.588487442,0.4,0.8,0.3,0.6
3.72,0.058064516,0.116129032,0.08311354,0.16622708,0.093652445,0.187304891,0.292663892,0.585327784,0.4,0.8,0.3,0.6
3.73,0.057908847,0.115817694,0.082817315,0.165634629,0.093150961,0.186301921,0.291096752,0.582193504,0.4,0.8,0.3,0.6
3.74,0.057754011,0.115508021,0.082522934,0.165045868,0.092653493,0.185306986,0.289542166,0.579084332,0.4,0.8,0.3,0.6
3.75,0.0576,0.1152,0.082230381,0.164460763,0.09216,0.18432,0.288,0.576,0.4,0.8,0.3,0.6
3.76,0.057446809,0.114893617,0.081939641,0.163879282,0.091670439,0.183340878,0.286470122,0.572940244,0.4,0.8,0.3,0.6
3.77,0.05729443,0.114588859,0.081650697,0.163301393,0.091184769,0.182369538,0.284952402,0.569904805,0.4,0.8,0.3,0.6
3.78,0.057142857,0.114285714,0.081363533,0.162727065,0.090702948,0.181405896,0.283446712,0.566893424,0.4,0.8,0.3,0.6
3.79,0.056992084,0.113984169,0.081078133,0.162156267,0.090224936,0.180449872,0.281952924,0.563905849,0.4,0.8,0.3,0.6
3.8,0.056842105,0.113684211,0.080794483,0.161588966,0.089750693,0.179501385,0.280470914,0.560941828,0.4,0.8,0.3,0.6
3.81,0.056692913,0.113385827,0.080512567,0.161025134,0.089280179,0.178560357,0.279000558,0.558001116,0.4,0.8,0.3,0.6
3.82,0.056544503,0.113089005,0.080232369,0.160464739,0.088813355,0.17762671,0.277541734,0.555083468,0.4,0.8,0.3,0.6
3.83,0.056396867,0.112793734,0.079953876,0.159907752,0.088350183,0.176700366,0.276094322,0.552188644,0.4,0.8,0.3,0.6
3.84,0.05625,0.1125,0.079677071,0.159354142,0.087890625,0.17578125,0.274658203,0.549316406,0.4,0.8,0.3,0.6
3.85,0.056103896,0.112207792,0.079401941,0.158803882,0.087434643,0.174869287,0.27323326,0.54646652,0.4,0.8,0.3,0.6
3.86,0.055958549,0.111917098,0.079128471,0.158256942,0.086982201,0.173964402,0.271819378,0.543638755,0.4,0.8,0.3,0.6
3.87,0.055813953,0.111627907,0.078856647,0.157713294,0.086533261,0.173066522,0.270416441,0.540832883,0.4,0.8,0.3,0.6
3.88,0.055670103,0.111340206,0.078586454,0.157172909,0.086087788,0.172175577,0.269024338,0.538048677,0.4,0.8,0.3,0.6
3.89,0.055526992,0.111053985,0.07831788,0.156635759,0.085645746,0.171291493,0.267642958,0.535285915,0.4,0.8,0.3,0.6
3.9,0.055384615,0.110769231,0.078050909,0.156101817,0.085207101,0.170414201,0.266272189,0.532544379,0.4,0.8,0.3,0.6
3.91,0.055242967,0.110485934,0.077785528,0.155571056,0.084771816,0.169543632,0.264911925,0.52982385,0.4,0.8,0.3,0.6
3.92,0.055102041,0.110204082,0.077521724,0.155043448,0.084339858,0.168679717,0.263562057,0.527124115,0.4,0.8,0.3,0.6
3.93,0.054961832,0.109923664,0.077259483,0.154518966,0.083911194,0.167822388,0.262222481,0.524444962,0.4,0.8,0.3,0.6
3.94,0.054822335,0.10964467,0.076998793,0.153997585,0.083485789,0.166971579,0.260893092,0.521786184,0.4,0.8,0.3,0.6
3.95,0.054683544,0.109367089,0.076739639,0.153479278,0.083063612,0.166127223,0.259573786,0.519147573,0.4,0.8,0.3,0.6
3.96,0.054545455,0.109090909,0.07648201,0.15296402,0.082644628,0.165289256,0.258264463,0.516528926,0.4,0.8,0.3,0.6
3.97,0.05440806,0.108816121,0.076225892,0.152451784,0.082228807,0.164457613,0.256965021,0.513930042,0.4,0.8,0.3,0.6
3.98,0.054271357,0.108542714,0.075971273,0.151942546,0.081816116,0.163632232,0.255675362,0.511350723,0.4,0.8,0.3,0.6
3.99,0.054135338,0.108270677,0.07571814,0.151436281,0.081406524,0.162813048,0.254395387,0.508790774,0.4,0.8,0.3,0.6
4,0.054,0.108,0.075466481,0.150932963,0.081,0.162,0.253125,0.50625,0.4,0.8,0.3,0.6
4.01,0.053865337,0.107730673,0.075216284,0.150432568,0.080596514,0.161193027,0.251864105,0.503728211,0.4,0.8,0.3,0.6
4.02,0.053731343,0.107462687,0.074967537,0.149935073,0.080196035,0.16039207,0.250612609,0.501225217,0.4,0.8,0.3,0.6
4.03,0.053598015,0.10719603,0.074720226,0.149440453,0.079798533,0.159597067,0.249370417,0.498740833,0.4,0.8,0.3,0.6
4.04,0.053465347,0.106930693,0.074474342,0.148948684,0.07940398,0.15880796,0.248137438,0.496274875,0.4,0.8,0.3,0.6
4.05,0.053333333,0.106666667,0.074229872,0.148459743,0.079012346,0.158024691,0.24691358,0.49382716,0.4,0.8,0.3,0.6
4.06,0.05320197,0.106403941,0.073986804,0.147973607,0.078623602,0.157247203,0.245698755,0.49139751,0.4,0.8,0.3,0.6
4.07,0.053071253,0.106142506,0.073745127,0.147490253,0.07823772,0.156475439,0.244492873,0.488985747,0.4,0.8,0.3,0.6
4.08,0.052941176,0.105882353,0.073504829,0.147009659,0.077854671,0.155709343,0.243295848,0.486591696,0.4,0.8,0.3,0.6
4.09,0.052811736,0.105623472,0.0732659,0.146531801,0.077474429,0.154948859,0.242107591,0.484215183,0.4,0.8,0.3,0.6
4.1,0.052682927,0.105365854,0.073028329,0.146056657,0.077096966,0.154193932,0.240928019,0.481856038,0.4,0.8,0.3,0.6
4.11,0.052554745,0.105109489,0.072792103,0.145584206,0.076722255,0.15344451,0.239757046,0.479514092,0.4,0.8,0.3,0.6
4.12,0.052427184,0.104854369,0.072557213,0.145114426,0.076350269,0.152700537,0.238594589,0.477189179,0.4,0.8,0.3,0.6
4.13,0.052300242,0.104600484,0.072323648,0.144647295,0.075980981,0.151961963,0.237440567,0.474881133,0.4,0.8,0.3,0.6
4.14,0.052173913,0.104347826,0.072091396,0.144182792,0.075614367,0.151228733,0.236294896,0.472589792,0.4,0.8,0.3,0.6
4.15,0.052048193,0.104096386,0.071860448,0.143720896,0.075250399,0.150500798,0.235157497,0.470314995,0.4,0.8,0.3,0.6
4.16,0.051923077,0.103846154,0.071630793,0.143261587,0.074889053,0.149778107,0.234028291,0.468056583,0.4,0.8,0.3,0.6
4.17,0.051798561,0.103597122,0.071402421,0.142804842,0.074530304,0.149060608,0.232907199,0.465814399,0.4,0.8,0.3,0.6
4.18,0.051674641,0.103349282,0.071175321,0.142350642,0.074174126,0.148348252,0.231794144,0.463588288,0.4,0.8,0.3,0.6
4.19,0.051551313,0.103102625,0.070949484,0.141898968,0.073820495,0.147640991,0.230689048,0.461378097,0.4,0.8,0.3,0.6
4.2,0.051428571,0.102857143,0.070724899,0.141449797,0.073469388,0.146938776,0.229591837,0.459183673,0.4,0.8,0.3,0.6
4.21,0.051306413,0.102612827,0.070501556,0.141003112,0.073120779,0.146241558,0.228502435,0.457004869,0.398102019,0.796204039,0.298576514,0.597153029
4.22,0.051184834,0.102369668,0.070279446,0.140558892,0.072774646,0.145549291,0.227420768,0.454841535,0.396217515,0.792435031,0.297163136,0.594326273
4.23,0.05106383,0.10212766,0.070058559,0.140117118,0.072430964,0.144861928,0.226346763,0.452693526,0.394346361,0.788692722,0.295759771,0.591519541
4.24,0.050943396,0.101886792,0.069838886,0.139677771,0.072089712,0.144179423,0.225280349,0.450560698,0.39248843,0.78497686,0.294366323,0.588732645
4.25,0.050823529,0.101647059,0.069620416,0.139240832,0.071750865,0.14350173,0.224221453,0.448442907,0.390643599,0.781287197,0.292982699,0.585965398
4.26,0.050704225,0.101408451,0.069403141,0.138806281,0.071414402,0.142828804,0.223170006,0.446340012,0.388811744,0.777623487,0.291608808,0.583217616
4.27,0.05058548,0.10117096,0.06918705,0.138374101,0.0710803,0.1421606,0.222125937,0.444251874,0.386992744,0.773985488,0.290244558,0.580489116
4.28,0.05046729,0.100934579,0.068972136,0.137944273,0.070748537,0.141497074,0.221089178,0.442178356,0.385186479,0.770372958,0.288889859,0.577779719
4.29,0.05034965,0.100699301,0.068758389,0.137516778,0.070419091,0.140838183,0.220059661,0.440119321,0.383392831,0.766785662,0.287544623,0.575089246
4.3,0.050232558,0.100465116,0.068545799,0.137091598,0.070091942,0.140183883,0.219037317,0.438074635,0.381611682,0.763223364,0.286208761,0.572417523
4.31,0.050116009,0.100232019,0.068334358,0.136668717,0.069767066,0.139534133,0.218022082,0.436044164,0.379842916,0.759685833,0.284882187,0.569764375
4.32,0.05,0.1,0.068124058,0.136248115,0.069444444,0.138888889,0.217013889,0.434027778,0.37808642,0.75617284,0.283564815,0.56712963
4.33,0.049884527,0.099769053,0.067914888,0.135829776,0.069124055,0.138248111,0.216012673,0.432025345,0.376342079,0.752684157,0.282256559,0.564513118
4.34,0.049769585,0.099539171,0.067706841,0.135413682,0.068805878,0.137611756,0.215018369,0.430036739,0.374609781,0.749219563,0.280957336,0.561914672
4.35,0.049655172,0.099310345,0.067499908,0.134999815,0.068489893,0.136979786,0.214030916,0.428061831,0.372889417,0.745778835,0.279667063,0.559334126
4.36,0.049541284,0.099082569,0.06729408,0.13458816,0.068176079,0.136352159,0.213050248,0.426100497,0.371180877,0.742361754,0.278385658,0.556771316
4.37,0.049427918,0.098855835,0.067089349,0.134178698,0.067864418,0.135728836,0.212076306,0.424152611,0.369484052,0.738968105,0.277113039,0.554226079
4.38,0.049315068,0.098630137,0.066885707,0.133771414,0.067554888,0.135109777,0.211109026,0.422218052,0.367798837,0.735597673,0.275849127,0.551698255
4.39,0.049202733,0.098405467,0.066683146,0.133366291,0.067247472,0.134494943,0.210148349,0.420296698,0.366125124,0.732250248,0.274593843,0.549187686
4.4,0.049090909,0.098181818,0.066481656,0.132963313,0.066942149,0.133884298,0.209194215,0.41838843,0.36446281,0.72892562,0.273347107,0.546694215
4.41,0.048979592,0.097959184,0.066281231,0.132562462,0.0666389,0.133277801,0.208246564,0.416493128,0.362811791,0.725623583,0.272108844,0.544217687
4.42,0.048868778,0.097737557,0.066081862,0.132163724,0.066337708,0.132675416,0.207305338,0.414610675,0.361171966,0.722343932,0.270878975,0.541757949
4.43,0.048758465,0.09751693,0.065883541,0.131767083,0.066038553,0.132077106,0.206370478,0.412740957,0.359543233,0.719086467,0.269657425,0.53931485
4.44,0.048648649,0.097297297,0.065686261,0.131372522,0.065741417,0.131482834,0.205441928,0.410883857,0.357925493,0.715850986,0.26844412,0.53688824
4.45,0.048539326,0.097078652,0.065490013,0.130980026,0.065446282,0.130892564,0.204519631,0.409039263,0.356318647,0.712637293,0.267238985,0.53447797
4.46,0.048430493,0.096860987,0.06529479,0.13058958,0.06515313,0.13030626,0.203603531,0.407207062,0.354722596,0.709445193,0.266041947,0.532083895
4.47,0.048322148,0.096644295,0.065100584,0.130201168,0.064861943,0.129723886,0.202693572,0.405387145,0.353137246,0.706274492,0.264852935,0.529705869
4.48,0.048214286,0.096428571,0.064907388,0.129814776,0.064572704,0.129145408,0.2017897,0.403579401,0.3515625,0.703125,0.263671875,0.52734375
4.49,0.048106904,0.096213808,0.064715194,0.129430388,0.064285395,0.128570791,0.200891861,0.401783721,0.349998264,0.699996528,0.262498698,0.524997396
4.5,0.048,0.096,0.064523995,0.129047989,0.064,0.128,0.2,0.4,0.348444444,0.696888889,0.261333333,0.522666667
4.51,0.04789357,0.09578714,0.064333783,0.128667566,0.063716501,0.127433002,0.199114065,0.398228131,0.346900949,0.693801899,0.260175712,0.520351424
4.52,0.047787611,0.095575221,0.064144551,0.128289103,0.063434881,0.126869763,0.198234004,0.396468008,0.345367687,0.690735375,0.259025766,0.518051531
4.53,0.047682119,0.095364238,0.063956293,0.127912585,0.063155125,0.12631025,0.197359765,0.39471953,0.343844568,0.687689136,0.257883426,0.515766852
4.54,0.047577093,0.095154185,0.063769,0.127538,0.062877215,0.12575443,0.196491296,0.392982592,0.342331503,0.684663005,0.256748627,0.513497254
4.55,0.047472527,0.094945055,0.063582666,0.127165332,0.062601135,0.12520227,0.195628547,0.391257095,0.340828402,0.681656805,0.255621302,0.511242604
4.56,0.047368421,0.094736842,0.063397284,0.126794567,0.06232687,0.12465374,0.194771468,0.389542936,0.33933518,0.67867036,0.254501385,0.50900277
4.57,0.04726477,0.09452954,0.063212846,0.126425692,0.062054403,0.124108806,0.193920009,0.387840018,0.337851749,0.675703499,0.253388812,0.506777624
4.58,0.047161572,0.094323144,0.063029347,0.126058693,0.061783719,0.123567438,0.193074121,0.386148243,0.336378025,0.67275605,0.252283519,0.504567037
4.59,0.047058824,0.094117647,0.062846778,0.125693556,0.061514802,0.123029604,0.192233756,0.384467512,0.334913922,0.669827844,0.251185441,0.502370883
4.6,0.046956522,0.093913043,0.062665134,0.125330268,0.061247637,0.122495274,0.191398866,0.382797732,0.333459357,0.666918715,0.250094518,0.500189036
4.61,0.046854664,0.093709328,0.062484408,0.124968816,0.060982209,0.121964418,0.190569403,0.381138805,0.332014248,0.664028496,0.249010686,0.498021372
4.62,0.046753247,0.093506494,0.062304593,0.124609186,0.060718502,0.121437005,0.18974532,0.379490639,0.330578512,0.661157025,0.247933884,0.495867769
4.63,0.046652268,0.093304536,0.062125682,0.124251365,0.060456503,0.120913005,0.188926571,0.377853141,0.32915207,0.658304139,0.246864052,0.493728104
4.64,0.046551724,0.093103448,0.06194767,0.12389534,0.060196195,0.12039239,0.188113109,0.376226219,0.327734839,0.655469679,0.24580113,0.491602259
4.65,0.046451613,0.092903226,0.061770549,0.123541099,0.059937565,0.11987513,0.187304891,0.374609781,0.326326743,0.652653486,0.244745057,0.489490114
4.66,0.046351931,0.092703863,0.061594314,0.123188628,0.059680598,0.119361197,0.18650187,0.373003739,0.324927702,0.649855403,0.243695776,0.487391553
4.67,0.046252677,0.092505353,0.061418957,0.122837915,0.059425281,0.118850561,0.185704002,0.371408003,0.323537638,0.647075277,0.242653229,0.485306457
4.68,0.046153846,0.092307692,0.061244474,0.122488947,0.059171598,0.118343195,0.184911243,0.369822485,0.322156476,0.644312952,0.241617357,0.483234714
4.69,0.046055437,0.092110874,0.061070856,0.122141713,0.058919536,0.117839071,0.184123549,0.368247098,0.320784139,0.641568278,0.240588104,0.481176209
4.7,0.045957447,0.091914894,0.060898099,0.121796199,0.058669081,0.117338162,0.183340878,0.366681756,0.319420552,0.638841105,0.239565414,0.479130828
4.71,0.045859873,0.091719745,0.060726197,0.121452394,0.05842022,0.11684044,0.182563187,0.365126374,0.318065642,0.636131283,0.238549231,0.477098462
4.72,0.045762712,0.091525424,0.060555143,0.121110285,0.058172939,0.116345878,0.181790434,0.363580868,0.316719334,0.633438667,0.2375395,0.475079
4.73,0.045665962,0.091331924,0.060384931,0.120769862,0.057927224,0.115854449,0.181022576,0.362045153,0.315381555,0.630763111,0.236536167,0.473072333
4.74,0.04556962,0.091139241,0.060215555,0.120431111,0.057683064,0.115366127,0.180259574,0.360519148,0.314052235,0.62810447,0.235539176,0.471078353
4.75,0.045473684,0.090947368,0.06004701,0.120094021,0.057440443,0.114880886,0.179501385,0.35900277,0.312731302,0.625462604,0.234548476,0.469096953
4.76,0.045378151,0.090756303,0.05987929,0.11975858,0.05719935,0.114398701,0.17874797,0.35749594,0.311418685,0.62283737,0.233564014,0.467128028
4.77,0.045283019,0.090566038,0.059712389,0.119424778,0.056959772,0.113919544,0.177999288,0.355998576,0.310114315,0.62022863,0.232585736,0.465171473
4.78,0.045188285,0.090376569,0.059546301,0.119092602,0.056721696,0.113443392,0.1772553,0.3545106,0.308818123,0.617636246,0.231613592,0.463227184
4.79,0.045093946,0.090187891,0.059381021,0.118762041,0.056485109,0.112970219,0.176515967,0.353031934,0.30753004,0.615060081,0.23064753,0.461295061
4.8,0.045,0.09,0.059216542,0.118433085,0.05625,0.1125,0.17578125,0.3515625,0.30625,0.6125,0.2296875,0.459375
4.81,0.044906445,0.08981289,0.05905286,0.118105721,0.056016355,0.112032711,0.175051111,0.350102221,0.304977935,0.60995587,0.228733451,0.457466902
4.82,0.044813278,0.089626556,0.05888997,0.117779939,0.055784163,0.111568327,0.174325511,0.348651022,0.303713779,0.607427558,0.227785334,0.455570669
4.83,0.044720497,0.089440994,0.058727864,0.117455728,0.055553412,0.111106825,0.173604413,0.347208827,0.302457467,0.604914934,0.2268431,0.4536862
4.84,0.044628099,0.089256198,0.058566539,0.117133078,0.05532409,0.11064818,0.172887781,0.345775562,0.301208934,0.602417868,0.2259067,0.451813401
4.85,0.044536082,0.089072165,0.058405988,0.116811977,0.055096185,0.110192369,0.172175577,0.344351153,0.299968116,0.599936231,0.224976087,0.449952173
4.86,0.044444444,0.088888889,0.058246207,0.116492415,0.054869684,0.109739369,0.171467764,0.342935528,0.298734949,0.597469898,0.224051212,0.448102423
4.87,0.044353183,0.088706366,0.058087191,0.116174381,0.054644578,0.109289157,0.170764307,0.341528615,0.297509371,0.595018742,0.223132028,0.446264056
4.88,0.044262295,0.08852459,0.057928933,0.115857865,0.054420855,0.108841709,0.170065171,0.340130341,0.29629132,0.592582639,0.22221849,0.444436979
4.89,0.044171779,0.088343558,0.057771429,0.115542857,0.054198502,0.108397004,0.169370319,0.338740638,0.295080733,0.590161466,0.22131055,0.4426211
4.9,0.044081633,0.088163265,0.057614673,0.115229347,0.053977509,0.107955019,0.168679717,0.337359434,0.293877551,0.587755102,0.220408163,0.440816327
4.91,0.043991853,0.087983707,0.057458662,0.114917323,0.053757866,0.107515731,0.16799333,0.33598666,0.292681713,0.585363426,0.219511285,0.439022569
4.92,0.043902439,0.087804878,0.057303389,0.114606777,0.05353956,0.10707912,0.167311124,0.334622249,0.291493159,0.582986318,0.218619869,0.437239738
4.93,0.043813387,0.087626775,0.057148849,0.114297698,0.053322581,0.106645162,0.166633066,0.333266132,0.29031183,0.58062366,0.217733873,0.435467745
4.94,0.043724696,0.087449393,0.056995038,0.113990076,0.053106919,0.106213837,0.165959121,0.331918242,0.289137668,0.578275336,0.216853251,0.433706502
4.95,0.043636364,0.087272727,0.056841951,0.113683902,0.052892562,0.105785124,0.165289256,0.330578512,0.287970615,0.57594123,0.215977961,0.431955923
4.96,0.043548387,0.087096774,0.056689583,0.113379166,0.052679501,0.105359001,0.164623439,0.329246878,0.286810614,0.573621228,0.21510796,0.430215921
4.97,0.043460765,0.086921529,0.056537929,0.113075857,0.052467724,0.104935448,0.163961637,0.327923274,0.285657608,0.571315215,0.214243206,0.428486411
4.98,0.043373494,0.086746988,0.056386984,0.112773968,0.052257222,0.104514443,0.163303818,0.326607635,0.28451154,0.56902308,0.213383655,0.42676731
4.99,0.043286573,0.086573146,0.056236744,0.112473487,0.052047984,0.104095967,0.162649949,0.325299898,0.283372356,0.566744712,0.212529267,0.425058534
5,0.0432,0.0864,0.056087203,0.112174406,0.05184,0.10368,0.162,0.324,0.28224,0.56448,0.21168,0.42336
