Time(s),CE18-EQ11-psaNorthSouth(g),CE18-EQ11-psaEastWest(g),CS78-EQ21-psaNorthSouth(g),CS78-EQ21-psaEastWest(g),FJ74-EQ28-psaNorthSouth(g),FJ74-EQ28-psaEastWest(g),MT50-EQ41-psaNorthSouth(g),MT50-EQ41-psaEastWest(g),PA34-EQ45-psaNorthSouth(g),PA34-EQ45-psaEastWest(g),TP13-EQ55-psaNorthSouth(g),TP13-EQ55-psaEastWest(g),UI21-EQ57-psaNorthSouth(g),UI21-EQ57-psaEastWest(g)
0.000,,,,,,,,,,,,,,
0.010,,,,,,,,,,,,,,
0.020,0.07483416,0.052313612,0.089295535,0.057001049,0.095258361,0.093139082,0.048134485,0.059593168,0.086266092,0.087756209,0.062079578,0.069384783,0.077790927,0.081047937
0.030,0.075281333,0.053041172,0.090935264,0.057237014,0.097340485,0.096485518,0.048151008,0.059657572,0.085339397,0.097392591,0.06349155,0.068639594,0.082251138,0.081101254
0.040,0.077566451,0.053172849,0.092763733,0.058405496,0.096791853,0.098416563,0.048109732,0.059866643,0.087755283,0.099024002,0.067097359,0.069882647,0.082597666,0.082468168
0.050,0.075911039,0.053789883,0.09786644,0.062388875,0.101801279,0.100864857,0.048153403,0.061153611,0.089120656,0.098816108,0.067793949,0.07322243,0.084958419,0.083101764
0.060,0.07595878,0.054503373,0.102685273,0.069267436,0.106772002,0.098157527,0.048324895,0.060288649,0.087576533,0.106903103,0.066298553,0.077584959,0.0821633,0.082196536
0.070,0.083970793,0.059880313,0.111983848,0.067766916,0.107578907,0.104151022,0.049569446,0.060312784,0.093845396,0.104184411,0.076043774,0.078562511,0.07985835,0.084559227
0.080,0.091827684,0.06040488,0.112826785,0.073849932,0.100600253,0.118870018,0.049362342,0.064268974,0.090922089,0.102259219,0.079487429,0.089186884,0.083636708,0.088547695
0.090,0.094260248,0.078194096,0.123845239,0.076729701,0.104746011,0.134659127,0.050204478,0.061897454,0.094809427,0.129815816,0.086230053,0.102353377,0.082086306,0.087308527
0.100,0.086303421,0.086438751,0.103702715,0.101743678,0.118479527,0.137009465,0.058218511,0.066736879,0.09463119,0.127908602,0.090541477,0.113813062,0.080292898,0.093543823
0.110,0.108028704,0.083732703,0.138326389,0.105741058,0.128803113,0.117424552,0.071747839,0.069298349,0.093710216,0.110149668,0.114991674,0.113456049,0.095435889,0.091653243
0.120,0.119239038,0.091534028,0.139785516,0.101458602,0.134922508,0.110643156,0.082579739,0.083456506,0.095223382,0.127125985,0.118016246,0.141889075,0.108959715,0.088488322
0.130,0.133535199,0.089309243,0.152947583,0.101718226,0.165219176,0.122724836,0.064178048,0.077469484,0.10332862,0.124945979,0.139896548,0.182003366,0.115729042,0.103618242
0.140,0.146666902,0.084007189,0.214675813,0.107898515,0.156341631,0.124513998,0.064775491,0.07763173,0.130731939,0.125343735,0.164968695,0.188483072,0.131809379,0.110241749
0.150,0.143970339,0.102184899,0.213470016,0.098202638,0.13702437,0.128576046,0.074114478,0.073822628,0.116061056,0.148477618,0.203141116,0.170047036,0.130012726,0.121968744
0.160,0.143113908,0.112078678,0.189978842,0.106970095,0.116772977,0.136537232,0.082879772,0.069094242,0.103034867,0.171411697,0.208449088,0.193173512,0.154525136,0.16406795
0.170,0.132318992,0.110035283,0.200212395,0.111530363,0.141602277,0.167450952,0.085264205,0.074675651,0.120502125,0.15902425,0.173912241,0.206018644,0.159375995,0.184933141
0.180,0.136385706,0.137482919,0.238832805,0.134772838,0.165534026,0.199066093,0.077578708,0.072585985,0.137529853,0.164723316,0.163601478,0.20510146,0.173507948,0.186917645
0.190,0.141163044,0.126023643,0.232260235,0.138841395,0.190007307,0.213796234,0.08155133,0.078815873,0.136302727,0.168271811,0.159100996,0.180815741,0.208758253,0.214649682
0.200,0.143098789,0.108778877,0.254493239,0.177649371,0.218496546,0.199741487,0.080807778,0.097365231,0.134231931,0.169092908,0.115233034,0.200479406,0.242512066,0.250590867
0.210,0.158356893,0.114092208,0.267584368,0.199093078,0.219401984,0.191181391,0.097306072,0.109212808,0.153902369,0.188956422,0.107065551,0.19551663,0.237310975,0.215611475
0.220,0.154324532,0.113123649,0.280793687,0.222991593,0.220557038,0.193267658,0.108493849,0.10684217,0.198069148,0.20838327,0.10167007,0.168810577,0.246350716,0.19413518
0.230,0.170682357,0.105251957,0.276853106,0.196609296,0.21700632,0.20259772,0.10057857,0.104721116,0.192692145,0.191090969,0.096190003,0.146630457,0.229655674,0.203424272
0.240,0.197524786,0.107169758,0.233988519,0.17732542,0.190257027,0.206297421,0.113057396,0.099349156,0.183865522,0.181027218,0.105211561,0.122745893,0.190079656,0.203204595
0.250,0.186220959,0.10825863,0.204144399,0.198459116,0.175312327,0.200246607,0.120903127,0.103031035,0.174310806,0.172435695,0.101777631,0.1175602,0.165723125,0.188857876
0.260,0.195766171,0.108681323,0.210632941,0.207045333,0.174433429,0.225343753,0.117157461,0.10703038,0.165003629,0.188097735,0.105059002,0.136199124,0.181257822,0.156068975
0.270,0.223974702,0.097541748,0.223610817,0.198051332,0.199164941,0.225919489,0.113743581,0.119035772,0.182267249,0.224786108,0.125426198,0.148175512,0.186685347,0.1850545
0.280,0.221840943,0.084679406,0.234381228,0.185281487,0.22222807,0.245500797,0.117148805,0.140133069,0.193650272,0.244273553,0.134664728,0.139877995,0.198317049,0.220070247
0.290,0.2438002,0.088663213,0.237160201,0.177401128,0.240782548,0.289292748,0.120236878,0.153704981,0.193670223,0.225973529,0.137064723,0.136217788,0.206042229,0.226132383
0.300,0.256564724,0.087447478,0.217961608,0.144136051,0.245420115,0.302324255,0.145836614,0.160742029,0.179239743,0.2134981,0.145475943,0.138276618,0.206450471,0.210073388
0.310,0.244051891,0.077125479,0.213133347,0.13456783,0.285283425,0.256895766,0.15272972,0.173035689,0.17738721,0.207603332,0.153433789,0.152956071,0.197399774,0.19846608
0.320,0.228377007,0.075736467,0.193887221,0.127711571,0.331830458,0.205533804,0.141895344,0.194825819,0.186417073,0.208842524,0.154961062,0.173467977,0.172510404,0.210139242
0.330,0.200495955,0.084126296,0.198655352,0.119109033,0.371619057,0.190604946,0.1460266,0.213631642,0.200868112,0.224471855,0.16264236,0.186003884,0.1713443,0.221251306
0.340,0.190002169,0.092231732,0.176034804,0.126748663,0.379375304,0.216782788,0.148225404,0.21525014,0.211333155,0.232165622,0.163731611,0.180638116,0.187707089,0.213738547
0.350,0.200387174,0.093983978,0.184270877,0.135043981,0.357660473,0.229057543,0.161672192,0.21498072,0.202038969,0.23943284,0.15313853,0.179674322,0.183297463,0.205325453
0.360,0.208250018,0.09989744,0.184398647,0.133139605,0.298249532,0.224806974,0.173225089,0.216551633,0.206298074,0.244267628,0.160617224,0.187417747,0.161759929,0.203846619
0.370,0.207050793,0.105804735,0.184214895,0.123284506,0.296168431,0.221128736,0.17954593,0.204508829,0.214874082,0.240651584,0.162498982,0.203410424,0.167416837,0.196899483
0.380,0.207108224,0.108131481,0.180544135,0.12206885,0.295728143,0.237476416,0.180594163,0.231744752,0.219668819,0.233518554,0.160484366,0.209704814,0.189442146,0.183110487
0.390,0.217022388,0.108837689,0.167637841,0.122487223,0.295438807,0.249873134,0.183368179,0.26235508,0.224948277,0.233315411,0.164152466,0.207725044,0.193647345,0.171974468
0.400,0.23258607,0.102013244,0.164264351,0.127723409,0.288898639,0.276499707,0.183798494,0.269811951,0.224220414,0.230324374,0.181119701,0.203031075,0.19042164,0.171246555
0.410,0.241359061,0.093873548,0.153598966,0.130947425,0.266628771,0.278761781,0.177254696,0.252718314,0.208896856,0.217277251,0.188196963,0.199717566,0.180309956,0.174948728
0.420,0.23719159,0.086459742,0.14165231,0.12248922,0.239210055,0.259296059,0.163895372,0.225329807,0.184974271,0.219430731,0.185468177,0.191529261,0.171594783,0.183352962
0.430,0.214806024,0.080976557,0.147598555,0.113438621,0.218843078,0.261180398,0.163946985,0.207588862,0.163606504,0.217286511,0.177127607,0.174908414,0.157547801,0.182652453
0.440,0.183108791,0.077631229,0.163991219,0.124147647,0.209898766,0.240796551,0.170984191,0.216990515,0.154368399,0.214100291,0.164309808,0.174142126,0.139439417,0.194153399
0.450,0.186865371,0.080126474,0.176508463,0.130526859,0.206872496,0.219456652,0.174861651,0.230975441,0.149010883,0.214277593,0.164770131,0.178903008,0.130886686,0.20289489
0.460,0.187609935,0.083485024,0.190140505,0.133741805,0.204232284,0.19776258,0.175236746,0.232720982,0.143961096,0.2188492,0.168544763,0.181704411,0.13956578,0.212536704
0.470,0.184670713,0.082309755,0.208422964,0.131716512,0.202595101,0.226397624,0.169191996,0.231375534,0.143995122,0.217513314,0.163246471,0.181238315,0.14521778,0.228014415
0.480,0.180387237,0.088498552,0.222484729,0.134638863,0.200686634,0.254058524,0.163184927,0.237513368,0.143939816,0.209673631,0.156689437,0.174987665,0.160850399,0.245371721
0.490,0.178574511,0.090321708,0.230347585,0.131941124,0.193801192,0.26769625,0.151366397,0.247307869,0.142309793,0.211190584,0.152561788,0.165897032,0.174327563,0.264034581
0.500,0.181586662,0.088867135,0.239233338,0.126846014,0.184701376,0.267818844,0.145221561,0.258773165,0.145910565,0.218017323,0.147931902,0.159765893,0.182396523,0.287085101
0.510,0.194264857,0.086868068,0.247756575,0.124624318,0.175198287,0.256434235,0.153214113,0.263217317,0.157284766,0.228938887,0.146860098,0.160222352,0.194571878,0.296148479
0.520,0.20880269,0.087142886,0.250909433,0.128013113,0.167322011,0.236232764,0.164584998,0.255044753,0.174654185,0.245211482,0.15013279,0.157061799,0.200501539,0.289204225
0.530,0.216218294,0.090342184,0.249901558,0.136360925,0.172312033,0.220102452,0.171458982,0.235377795,0.195797462,0.264645078,0.151033182,0.150845208,0.199180938,0.271331217
0.540,0.211782388,0.09655953,0.249905098,0.145564495,0.184234002,0.206072086,0.16827617,0.21310049,0.217248045,0.282184486,0.152023221,0.141302537,0.191648456,0.253623384
0.550,0.198298378,0.102504721,0.257202423,0.151387065,0.209265592,0.206826949,0.173876207,0.1976672,0.234339029,0.294566334,0.154353775,0.129297447,0.176680327,0.231395926
0.560,0.184894934,0.107241664,0.268826277,0.154383365,0.231041615,0.210284673,0.187471446,0.188581455,0.242868703,0.297759438,0.153364788,0.11606594,0.157751916,0.205148405
0.570,0.166311358,0.110037867,0.272413908,0.157511013,0.243369252,0.214567913,0.187825293,0.178785194,0.242526176,0.291730676,0.148107736,0.101344134,0.142686595,0.177245665
0.580,0.157164288,0.111636835,0.262984138,0.161868462,0.247005312,0.215771604,0.178128147,0.167283142,0.236370521,0.280518848,0.141162266,0.110286042,0.14497939,0.174363854
0.590,0.149784436,0.113666124,0.244511664,0.166592583,0.246641442,0.212548612,0.162484252,0.158712368,0.226696928,0.289399234,0.137200036,0.115929672,0.141796481,0.169039308
0.600,0.142470202,0.117931246,0.224675983,0.170193247,0.247303324,0.206192365,0.142094148,0.156493104,0.213834335,0.29857556,0.134735959,0.116577927,0.132689004,0.171826078
0.610,0.14452915,0.124057225,0.206149447,0.170874044,0.251703735,0.201811864,0.128363576,0.160111545,0.198397507,0.304900688,0.129167755,0.116406242,0.121303898,0.182265971
0.620,0.145485492,0.130475122,0.188065755,0.167927662,0.258851853,0.215939603,0.12479703,0.161801608,0.181072547,0.308147585,0.122405552,0.118699017,0.112406876,0.186743936
0.630,0.144174104,0.13502604,0.192926292,0.162563457,0.266507321,0.227980165,0.126538447,0.162998836,0.172132013,0.308300236,0.124304856,0.12237637,0.117914552,0.186220283
0.640,0.140382344,0.136598137,0.207275975,0.155784767,0.27172356,0.237644043,0.12810271,0.164135635,0.18041617,0.306557559,0.131890973,0.12621587,0.121516573,0.183440651
0.650,0.134382328,0.13453945,0.22424011,0.148337998,0.273888309,0.24223275,0.12811592,0.164428705,0.183107705,0.290279524,0.137872143,0.129626507,0.124143265,0.17940414
0.660,0.129843249,0.129925723,0.241137788,0.149768036,0.272823757,0.239972046,0.125500382,0.165146898,0.181397799,0.280715039,0.142061528,0.132900028,0.124525537,0.168674351
0.670,0.134376709,0.123192069,0.255502717,0.147386545,0.269546704,0.24301707,0.118432149,0.166212327,0.184303951,0.26391255,0.144637382,0.135177175,0.123432023,0.16278485
0.680,0.136490778,0.11566513,0.265547663,0.146979651,0.265320146,0.236976686,0.107156989,0.172594264,0.191978984,0.242539619,0.146604749,0.135049173,0.121640332,0.159409062
0.690,0.137390527,0.10877569,0.272008267,0.144926937,0.261675236,0.225142647,0.103289203,0.181227397,0.19972848,0.218750407,0.153666776,0.13202783,0.119164945,0.159399161
0.700,0.139616021,0.10376061,0.275440755,0.140750404,0.259058493,0.210825628,0.103272969,0.190964173,0.206957196,0.206404395,0.161153886,0.130260117,0.116009442,0.162044494
0.710,0.144830823,0.101746255,0.276545559,0.13421601,0.259071928,0.196689744,0.102941375,0.19967844,0.211747316,0.208685668,0.168122675,0.130933671,0.115076075,0.166958769
0.720,0.152995063,0.102071692,0.276556943,0.125591471,0.260830162,0.183564593,0.10525174,0.204041597,0.212336364,0.210548583,0.175248121,0.129468602,0.110340036,0.174068369
0.730,0.161831597,0.103656801,0.281321907,0.114601405,0.264298683,0.170773871,0.109188272,0.202078863,0.206362301,0.210999319,0.182003385,0.127049668,0.103588164,0.181915751
0.740,0.16828825,0.10483893,0.282828918,0.10900554,0.267700551,0.158253416,0.113929184,0.197956629,0.199662933,0.209916028,0.187820712,0.124448849,0.104486811,0.188763676
0.750,0.169316813,0.104770581,0.28085797,0.103232969,0.270073337,0.146560963,0.11999177,0.189722253,0.205558063,0.207239125,0.191079375,0.122240705,0.10700398,0.199821219
0.760,0.164085626,0.10313194,0.275890228,0.096999637,0.270492221,0.137274429,0.127291862,0.177131563,0.208557911,0.201995144,0.190443522,0.120519417,0.109388577,0.208578194
0.770,0.163250045,0.099924209,0.268091213,0.090778448,0.268290379,0.13237873,0.134648098,0.163159646,0.2089335,0.19353666,0.185410116,0.119683847,0.110830687,0.210750632
0.780,0.163679205,0.095426446,0.257481898,0.085284475,0.263291857,0.12845651,0.139122001,0.150657808,0.206901782,0.181713785,0.176424308,0.119985398,0.11116248,0.206265148
0.790,0.161934575,0.090369316,0.24398223,0.08088838,0.255872418,0.124968138,0.138776562,0.140650551,0.202896508,0.169094719,0.171850997,0.121315764,0.110401837,0.201968325
0.800,0.158842295,0.085382413,0.227934377,0.077297438,0.246826528,0.121458903,0.134340864,0.132559526,0.197110999,0.165696714,0.169187417,0.123192793,0.108619621,0.200728608
0.810,0.154874087,0.08104306,0.210204036,0.074760667,0.239475593,0.11791795,0.127609923,0.124984162,0.189874084,0.159923665,0.164709208,0.124951318,0.105935875,0.197887683
0.820,0.150483355,0.077631389,0.191261704,0.075493847,0.232536161,0.114929688,0.120627306,0.117885223,0.183293697,0.153435263,0.159706989,0.126014733,0.102514837,0.194287598
0.830,0.146768251,0.075113412,0.172302395,0.07658558,0.226794104,0.113458972,0.115266398,0.110960739,0.175840201,0.152118725,0.155917775,0.126162204,0.098306005,0.190954503
0.840,0.144322523,0.073389569,0.154755406,0.077792092,0.222532687,0.114058982,0.112371085,0.104164752,0.174429671,0.151914952,0.152972705,0.1255759,0.092992897,0.18863087
0.850,0.143791854,0.072321256,0.143206986,0.078996169,0.219845953,0.116712453,0.111955313,0.097476954,0.186758026,0.151611515,0.151296353,0.124616727,0.08646407,0.187719147
0.860,0.145142118,0.071732025,0.134045561,0.080110922,0.218498239,0.120123956,0.112775693,0.092341127,0.19654138,0.150810848,0.150983012,0.123620614,0.07932985,0.188124473
0.870,0.147579907,0.071269099,0.125150231,0.081155819,0.218166251,0.12282042,0.113684729,0.091518677,0.204941813,0.155456844,0.152195602,0.122682565,0.073103682,0.189491861
0.880,0.150549805,0.07075005,0.119084317,0.081831943,0.218492055,0.123553711,0.113809538,0.090725804,0.212727688,0.172370897,0.154596879,0.121716627,0.068994308,0.191387622
0.890,0.153391728,0.070063968,0.114094916,0.082062322,0.219253258,0.129492706,0.113035799,0.089995366,0.220070709,0.189229988,0.157835866,0.121152633,0.067501011,0.193438356
0.900,0.15586811,0.069130381,0.108630813,0.081917477,0.219410782,0.134140783,0.111714971,0.089001518,0.226643175,0.204535808,0.161451504,0.121879254,0.068371326,0.195247387
0.910,0.157444229,0.068092268,0.102575133,0.085315954,0.218608114,0.136777928,0.110161107,0.091953507,0.232019762,0.217280843,0.164828983,0.123129318,0.070899096,0.196197413
0.920,0.157856029,0.066878013,0.098119918,0.087639055,0.216429622,0.137860363,0.108603452,0.093331397,0.235510328,0.227097403,0.168303059,0.125080507,0.07659289,0.19611572
0.930,0.163806539,0.06560862,0.09369878,0.088994581,0.216292255,0.13795716,0.107030382,0.093032724,0.236487808,0.234016667,0.170498231,0.127824516,0.084070243,0.194635009
0.940,0.16909027,0.064280382,0.088695852,0.089754975,0.213579983,0.137789596,0.105101372,0.091742705,0.234639649,0.238537407,0.171110474,0.131071769,0.0921296,0.191695855
0.950,0.172608283,0.063076027,0.083154795,0.090226259,0.208230083,0.144655921,0.102229771,0.090082899,0.23095644,0.24132632,0.169927033,0.134370407,0.099668488,0.187396285
0.960,0.174385581,0.062052234,0.082316229,0.09075765,0.200393445,0.150858935,0.098320906,0.088811748,0.227147953,0.24303445,0.166985496,0.137042566,0.105547286,0.18177892
0.970,0.175037882,0.061349317,0.08495653,0.091215694,0.190423761,0.155437267,0.094296676,0.087997705,0.220549192,0.24415768,0.162456228,0.138591116,0.109211658,0.175402333
0.980,0.174804391,0.061069067,0.086281375,0.091463381,0.178702101,0.157718738,0.092507643,0.08836084,0.211899432,0.244935393,0.156572383,0.141218851,0.110729921,0.168499091
0.990,0.174040936,0.06110119,0.086238111,0.091216801,0.165600037,0.157204687,0.09475189,0.090469711,0.202015856,0.245309167,0.149595888,0.143599179,0.110673422,0.161514133
1.000,0.172885208,0.06131945,0.084602118,0.090290401,0.151548991,0.153893698,0.095061241,0.091236707,0.191407567,0.244964241,0.152458596,0.146838681,0.110379896,0.154823967
1.010,0.17196371,0.061621245,0.081570557,0.089732194,0.152464667,0.147783232,0.099514538,0.090277247,0.180543004,0.243448237,0.152911077,0.147475304,0.111508048,0.148671056
1.020,0.175450546,0.061974876,0.078067853,0.09155094,0.153375954,0.139533368,0.103460551,0.088902565,0.169877749,0.240444759,0.153094167,0.145405806,0.112398178,0.145566188
1.030,0.178493521,0.06224221,0.075438525,0.094115734,0.152382742,0.138503987,0.105748229,0.091108815,0.159513183,0.235747663,0.154733915,0.141162014,0.113014383,0.144400435
1.040,0.18102114,0.06245298,0.074450465,0.095244465,0.151317246,0.137967232,0.106139574,0.092453224,0.149504059,0.229235341,0.155739567,0.134892911,0.1132759,0.140114724
1.050,0.18305868,0.062526927,0.074166728,0.095087469,0.151787099,0.137367798,0.10465382,0.092347256,0.145637646,0.221312652,0.156556517,0.127143266,0.113094566,0.133680973
1.060,0.184640803,0.062496529,0.073241044,0.093857166,0.151776737,0.14011989,0.103533603,0.090697585,0.143521765,0.212265374,0.157551229,0.11816981,0.112474528,0.128200486
1.070,0.185767976,0.063229024,0.072012689,0.091885818,0.151376301,0.142154521,0.102750825,0.087916027,0.141660462,0.207495142,0.158911537,0.110221361,0.111511451,0.125671029
1.080,0.186425838,0.064160476,0.070428883,0.089419616,0.1515041,0.143501944,0.101479358,0.084678574,0.140027193,0.201805169,0.160616928,0.106685626,0.110280955,0.12341574
1.090,0.186597027,0.065106623,0.06841215,0.086766799,0.154123075,0.144222224,0.098612005,0.081750996,0.138435213,0.195567623,0.162636798,0.103165343,0.108955584,0.123177446
1.100,0.186261702,0.066147892,0.065808856,0.084182772,0.156275791,0.144413792,0.095193338,0.07940464,0.13696695,0.188919281,0.164739677,0.099794974,0.107676946,0.123160147
1.110,0.185389717,0.06739863,0.064872277,0.08294435,0.157908676,0.144275265,0.091633408,0.077869549,0.135404382,0.182108219,0.166763055,0.096813867,0.106459475,0.123245657
1.120,0.183935443,0.068760569,0.063826186,0.082868366,0.159071339,0.143984246,0.087588779,0.07703606,0.133737736,0.175238821,0.168696206,0.096642834,0.105132163,0.126936747
1.130,0.181843536,0.070258415,0.062040255,0.08297481,0.161778535,0.143541348,0.083098014,0.076641796,0.131961497,0.180732254,0.170226573,0.097104494,0.103388952,0.134241458
1.140,0.179067031,0.071739046,0.05963519,0.08340892,0.164078466,0.143041769,0.07821201,0.076772958,0.133181992,0.186110171,0.171194383,0.097775642,0.101014383,0.141268589
1.150,0.175590098,0.07310143,0.056853585,0.084251777,0.165952045,0.143352601,0.07293373,0.08018612,0.134983701,0.189885686,0.171517862,0.09889948,0.097786908,0.147108692
1.160,0.171447385,0.074282969,0.053941344,0.085549677,0.167173711,0.152136646,0.068783118,0.084631664,0.136554101,0.192083775,0.170983077,0.100746067,0.097102829,0.151181318
1.170,0.166732151,0.075250045,0.051049495,0.087282868,0.167620136,0.161748141,0.068134647,0.090381861,0.138859215,0.192561489,0.169409858,0.103345631,0.09686746,0.153315742
1.180,0.161587156,0.075995554,0.04820373,0.089362448,0.167217832,0.171739231,0.070662559,0.096006411,0.142658086,0.191668979,0.166708205,0.106647576,0.09612423,0.153768721
1.190,0.156179993,0.076529015,0.046605567,0.091633285,0.165966675,0.18168646,0.072564008,0.100922371,0.144964082,0.195022541,0.16403126,0.1104056,0.095349527,0.153077104
1.200,0.15067106,0.076865344,0.046509852,0.0938964,0.163948749,0.190931548,0.073585469,0.104609559,0.145549995,0.197999433,0.166186316,0.114214231,0.094964478,0.151864475
1.210,0.14518537,0.07701495,0.047245503,0.096043827,0.161304303,0.198952581,0.073620379,0.106785988,0.144398592,0.200423763,0.165673982,0.117621621,0.095287921,0.150373561
1.220,0.139824787,0.076977274,0.048655928,0.099521186,0.15818397,0.205242024,0.072967555,0.107571273,0.144120116,0.202172601,0.162630942,0.120128733,0.097249047,0.148558717
1.230,0.134634409,0.076820911,0.05049981,0.103780911,0.154723256,0.209362388,0.075420768,0.107048134,0.147158319,0.203125846,0.157389874,0.121876473,0.099264868,0.146052612
1.240,0.129569722,0.076448624,0.052483422,0.107716297,0.151039504,0.210997151,0.077132089,0.105528448,0.149286932,0.20329168,0.150362737,0.123228316,0.101024022,0.14251795
1.250,0.12462212,0.07588769,0.054339679,0.111181126,0.147233579,0.209997797,0.078012061,0.103306729,0.150448158,0.202736297,0.142131205,0.122950193,0.102222483,0.137526362
1.260,0.119789149,0.075110883,0.055913423,0.114112061,0.143392796,0.206418712,0.078112056,0.100516211,0.150708336,0.201573779,0.133027748,0.121123388,0.102619496,0.131179112
1.270,0.115174494,0.074130216,0.057045422,0.116465556,0.139594558,0.200491454,0.077467757,0.097351895,0.150263387,0.199943729,0.123626204,0.117962351,0.102191262,0.131899108
1.280,0.1107046,0.073029963,0.057719666,0.118206719,0.135914044,0.192582688,0.076211719,0.094033283,0.149157812,0.204147383,0.114163947,0.113823878,0.101083263,0.134368693
1.290,0.107565777,0.071835176,0.057997268,0.119303743,0.132422925,0.183157593,0.074516142,0.090792962,0.147702961,0.211256154,0.104917738,0.111327452,0.099538951,0.136024909
1.300,0.109400836,0.070577602,0.057893613,0.119730456,0.129175995,0.172911094,0.072576811,0.08782114,0.145978643,0.217751986,0.096140719,0.111219795,0.097823284,0.136954674
1.310,0.111342317,0.069296758,0.05748013,0.11947356,0.126200415,0.162331479,0.070527429,0.085214225,0.144210929,0.223623165,0.089196898,0.110756669,0.096159756,0.137288898
1.320,0.112374642,0.068020914,0.056900031,0.118541534,0.123515045,0.152062178,0.068490637,0.082930526,0.142599295,0.230746561,0.084340731,0.109966764,0.094799472,0.137010778
1.330,0.112456904,0.06676673,0.05614363,0.116970676,0.12111294,0.142614966,0.066555543,0.080749753,0.141301559,0.236921262,0.079857538,0.108996539,0.093762916,0.136301156
1.340,0.11170942,0.065541708,0.05532313,0.114825675,0.118945427,0.134420672,0.064762972,0.080323375,0.140423863,0.242354787,0.075930789,0.107781633,0.093056664,0.135147249
1.350,0.110259044,0.064346777,0.054442366,0.112193053,0.11696911,0.127651187,0.06311169,0.082005404,0.140014859,0.246912525,0.074775408,0.106356932,0.092585571,0.1337014
1.360,0.108159593,0.063180029,0.053574138,0.10922299,0.115198121,0.122435816,0.061566348,0.083414982,0.140064515,0.25067234,0.073897117,0.104882033,0.092161042,0.131916119
1.370,0.105529103,0.062039089,0.052680339,0.105982794,0.113591917,0.11856598,0.060045036,0.08459083,0.144742679,0.253793252,0.073234898,0.10328666,0.091981736,0.129965316
1.380,0.102493583,0.06092307,0.051850883,0.103166792,0.112116052,0.115762648,0.059647636,0.085632769,0.151683727,0.256256282,0.072766862,0.101630669,0.091628173,0.127766027
1.390,0.101811388,0.059832915,0.051008008,0.10170047,0.110862535,0.113651958,0.061638099,0.086601844,0.158647452,0.261185993,0.072463659,0.100007879,0.090948908,0.125409244
1.400,0.10128777,0.058770854,0.050179332,0.100034362,0.109753364,0.111865367,0.063474372,0.08759977,0.165448158,0.266124121,0.072276188,0.098940544,0.089869073,0.122898353
1.410,0.099997063,0.057738159,0.049897797,0.098189449,0.108908505,0.110101906,0.065010193,0.088721197,0.171887739,0.270133371,0.072184211,0.098129633,0.088361107,0.120243338
1.420,0.098057801,0.056733137,0.051224544,0.096174578,0.108251777,0.108055397,0.066217936,0.090066288,0.177758464,0.273156626,0.072135833,0.097365241,0.086446051,0.117435532
1.430,0.096670004,0.055749832,0.054071194,0.094008612,0.107873148,0.10566835,0.067051025,0.091646893,0.182761283,0.2751542,0.072115574,0.096678545,0.084188861,0.114475284
1.440,0.096272132,0.054778241,0.05698714,0.091688776,0.107677105,0.102857155,0.067565871,0.093457087,0.186680337,0.276143318,0.072072152,0.096084963,0.081687351,0.11129911
1.450,0.095076532,0.053808033,0.059845394,0.089175488,0.107703224,0.099729881,0.067782672,0.095462018,0.189370056,0.27621225,0.072004251,0.095543551,0.079086798,0.10798044
1.460,0.093208515,0.052830941,0.062590328,0.086451291,0.107844484,0.096407499,0.067752637,0.097597435,0.190585183,0.275275853,0.071849528,0.095127517,0.076468565,0.10812804
1.470,0.090812893,0.051840367,0.065130306,0.083504064,0.108066649,0.094672299,0.067518532,0.099779266,0.190225729,0.273263159,0.071639764,0.095549177,0.073933398,0.108227881
1.480,0.087961177,0.05083262,0.067445096,0.080342983,0.108314647,0.093200739,0.067082657,0.101920009,0.188264389,0.270199263,0.071287521,0.099426232,0.071562246,0.108088151
1.490,0.084760327,0.049808787,0.069472271,0.076996181,0.108478876,0.091810154,0.066458314,0.103968601,0.184744059,0.266162116,0.070865821,0.102847459,0.069408308,0.107688262
1.500,0.081319047,0.04960315,0.071181781,0.073468943,0.108527786,0.090518339,0.065613349,0.105808124,0.179778751,0.261086743,0.070291309,0.105838157,0.067493808,0.107018543
1.510,0.077742825,0.049440313,0.072565968,0.069789824,0.108428887,0.089334036,0.064543302,0.107416997,0.173548838,0.255107999,0.069590935,0.1083377,0.065808837,0.106080596
1.520,0.075694492,0.049277171,0.073615012,0.069993765,0.108104813,0.088258262,0.063233987,0.109712535,0.166275429,0.248371757,0.068778792,0.110381488,0.064312606,0.104884017
1.530,0.075524067,0.049141666,0.0743273,0.070249041,0.107529691,0.087283833,0.061686891,0.111586261,0.15819903,0.24090218,0.067818979,0.111934098,0.062937868,0.103443862
1.540,0.075401866,0.049004135,0.074738752,0.070388219,0.106686363,0.086848292,0.059960286,0.113034037,0.149568028,0.232810631,0.06675109,0.113012648,0.062058087,0.101776514
1.550,0.075254949,0.048881162,0.074889563,0.070434092,0.10556677,0.089130086,0.058109977,0.114001024,0.140617756,0.22430033,0.065580256,0.113620904,0.06258526,0.099895624
1.560,0.075048738,0.048750088,0.074763409,0.070397659,0.106526716,0.091915507,0.056213419,0.11448714,0.131613471,0.215334179,0.064290255,0.113716158,0.063635384,0.097827147
1.570,0.074769664,0.048612088,0.074356098,0.070259703,0.110009929,0.094993105,0.054385764,0.11450517,0.122715966,0.206114164,0.062902067,0.113246508,0.065131143,0.095603944
1.580,0.074359145,0.048458035,0.073649451,0.070025938,0.113063772,0.098157917,0.052694957,0.114138077,0.114189906,0.19665256,0.061763343,0.112218618,0.066307689,0.093184705
1.590,0.073812469,0.048266543,0.072649659,0.069732304,0.115556181,0.101221104,0.051244984,0.113358214,0.108240785,0.187164101,0.061641556,0.110677764,0.067097125,0.090569053
1.600,0.073132224,0.048055584,0.071313765,0.06934239,0.118106858,0.104027871,0.05009652,0.11219284,0.107175855,0.177681705,0.061475535,0.108636959,0.06743771,0.088505286
1.610,0.072326495,0.047790551,0.069616156,0.068858574,0.120295744,0.106422817,0.049314118,0.110742364,0.105770427,0.175340436,0.061241266,0.106084944,0.067273835,0.087115422
1.620,0.071448324,0.047476577,0.069278299,0.068300651,0.121828443,0.108300432,0.049985501,0.108972256,0.10404981,0.173619751,0.06092652,0.103081424,0.067596308,0.085601535
1.630,0.070528317,0.047124083,0.070711275,0.067667755,0.122610948,0.10961976,0.050568685,0.106942692,0.102038824,0.171782771,0.060573014,0.09968234,0.068332187,0.083964403
1.640,0.069835051,0.04671806,0.07202219,0.066951033,0.122632263,0.110303903,0.050982727,0.104705319,0.09976295,0.169901352,0.060151448,0.095931694,0.068678562,0.085623082
1.650,0.069239544,0.046263618,0.073178163,0.066156261,0.121966855,0.110335221,0.051200963,0.102261578,0.097248867,0.167892462,0.059654169,0.091903996,0.068581848,0.087724322
1.660,0.068445313,0.045765516,0.074108279,0.065318868,0.120926225,0.109729777,0.051409035,0.099704041,0.094550747,0.165875838,0.059127548,0.087687637,0.068012036,0.089456091
1.670,0.067502097,0.045233016,0.074787756,0.064422543,0.121605313,0.108576779,0.052747842,0.097031407,0.091690315,0.163775208,0.058536351,0.083333082,0.067502256,0.090752685
1.680,0.066419376,0.044676254,0.075202091,0.063479786,0.121749282,0.106882224,0.054169866,0.09428063,0.088682657,0.16162878,0.057881085,0.079915384,0.066447078,0.09160413
1.690,0.065431503,0.044090856,0.075308118,0.062528999,0.121408579,0.104718542,0.055565539,0.091513949,0.085558382,0.159463911,0.057208447,0.078173384,0.064819319,0.092021425
1.700,0.064516847,0.043481383,0.075090597,0.061553841,0.120583996,0.102177079,0.05681714,0.088747539,0.08237716,0.15722094,0.056487401,0.076436907,0.062643309,0.092054776
1.710,0.063495184,0.04288108,0.074540209,0.060599901,0.119266343,0.099351715,0.057808368,0.086010067,0.079174294,0.15501017,0.05630734,0.074756439,0.059973977,0.091766662
1.720,0.062374745,0.042268574,0.073683101,0.059660296,0.117539306,0.096288877,0.058434516,0.08333202,0.077804444,0.152718078,0.056591849,0.073128825,0.05688609,0.0912018
1.730,0.061167163,0.041674052,0.072504979,0.058745603,0.11540744,0.09306068,0.058628767,0.080738183,0.077706421,0.150455233,0.056458398,0.071575021,0.054937067,0.090425053
1.740,0.059887293,0.04121491,0.071007307,0.057889942,0.112909452,0.089731977,0.05835583,0.07825224,0.07744996,0.148138802,0.055936905,0.070110861,0.0548336,0.089485188
1.750,0.058552152,0.04102057,0.069232953,0.057069382,0.110140823,0.086402775,0.057590379,0.075905009,0.077019675,0.145837363,0.055024336,0.068749126,0.054649644,0.088415638
1.760,0.057179017,0.040827456,0.067185047,0.056290921,0.1070933,0.084608968,0.056344253,0.073685485,0.076468669,0.143511812,0.0537346,0.067494944,0.054372139,0.087278
1.770,0.05579576,0.040643162,0.0648761,0.05558337,0.103827381,0.082782552,0.05468043,0.071594958,0.075820287,0.141195844,0.053038173,0.066338047,0.053994821,0.086118824
1.780,0.054407719,0.040473733,0.06233904,0.054916924,0.100417104,0.080949853,0.053235527,0.069662214,0.075124705,0.138878997,0.053414126,0.065275231,0.053501232,0.084962321
1.790,0.053026311,0.040326149,0.059611944,0.054290306,0.096877193,0.079114659,0.05359171,0.067856108,0.074438394,0.136571228,0.053705192,0.064317178,0.052862157,0.083837954
1.800,0.051677995,0.040207543,0.057392919,0.05370758,0.093257101,0.077291634,0.053895892,0.06617774,0.073792932,0.134281996,0.053931291,0.063433895,0.052050713,0.082763049
1.810,0.050368464,0.04011227,0.057047108,0.05317635,0.089601459,0.075491243,0.054163424,0.064623243,0.073232553,0.132001817,0.054073915,0.062648005,0.051131332,0.081742793
1.820,0.049119863,0.040041289,0.056539516,0.052675552,0.085949047,0.073734031,0.054363477,0.063166909,0.072793708,0.130235885,0.054171578,0.061924092,0.050195698,0.080772087
1.830,0.049621268,0.039994733,0.05590432,0.052202825,0.082332577,0.072030793,0.054492061,0.061816028,0.072504022,0.133475037,0.054204085,0.061276768,0.049170263,0.079839142
1.840,0.050481988,0.039972111,0.055165421,0.05175973,0.078778563,0.070383649,0.054565928,0.060536827,0.072382141,0.136584386,0.054190571,0.060686917,0.048059958,0.078929841
1.850,0.051189941,0.039972472,0.054310166,0.051359179,0.075307366,0.068787533,0.054899546,0.059340191,0.07243823,0.139537348,0.054135255,0.060144243,0.046872875,0.078031937
1.860,0.05172754,0.039994534,0.053407637,0.050982358,0.071933701,0.067231718,0.056261456,0.0581931,0.072674887,0.142282422,0.054029184,0.059663814,0.045627515,0.077138205
1.870,0.05209866,0.040036794,0.052419215,0.050629198,0.068667504,0.065701895,0.057542775,0.057107164,0.073088236,0.144799507,0.053901819,0.059214914,0.044347527,0.076247909
1.880,0.05231393,0.040099885,0.051406776,0.050301013,0.065852098,0.06418181,0.058724085,0.056052795,0.073669064,0.147070991,0.05372565,0.058804031,0.043050247,0.075367664
1.890,0.052387678,0.040184913,0.050343833,0.050014952,0.063354994,0.062654951,0.059796452,0.055042294,0.074406176,0.149081354,0.053522129,0.058434319,0.041745447,0.074531072
1.900,0.052319592,0.040285359,0.049275579,0.049752121,0.060878328,0.061106134,0.060752212,0.054049098,0.076012583,0.150817064,0.053285238,0.058083305,0.040443319,0.07372996
1.910,0.052127638,0.040399701,0.048177495,0.049511786,0.058447268,0.059523265,0.06158493,0.053088208,0.078164258,0.152267482,0.053004084,0.057762275,0.039156941,0.072976196
1.920,0.051835622,0.040526544,0.047084824,0.049298937,0.056066415,0.057898118,0.062289647,0.052134326,0.080367682,0.154357852,0.052703738,0.057469029,0.037914724,0.072304385
1.930,0.051439636,0.040664633,0.045969757,0.049117748,0.053885087,0.056226182,0.062862675,0.051208359,0.082604993,0.157266642,0.052363255,0.0571853,0.037209682,0.071702944
1.940,0.050963621,0.040812841,0.04486167,0.048951434,0.052710254,0.054506172,0.063301443,0.050286379,0.084894919,0.159912257,0.051983464,0.056927597,0.036532179,0.071171683
1.950,0.050395644,0.040970113,0.043729352,0.048800923,0.051544239,0.053792818,0.063604242,0.049392124,0.087201866,0.162288021,0.051580481,0.056686317,0.035914117,0.070714391
1.960,0.049762461,0.041143938,0.042599201,0.04867115,0.05037494,0.053523194,0.063770096,0.048510964,0.089507325,0.164388309,0.051146264,0.056447274,0.035378358,0.070302892
1.970,0.049055684,0.041326383,0.041437894,0.048540022,0.049191689,0.053296965,0.063798928,0.047659847,0.09179316,0.166231512,0.050678474,0.056236333,0.034954454,0.069923036
1.980,0.048284577,0.04151487,0.040273582,0.048419574,0.047986419,0.053118676,0.063691626,0.046841732,0.094037815,0.16779117,0.050177523,0.056026411,0.034639878,0.069569903
1.990,0.047460842,0.041707943,0.039072671,0.04828871,0.046752781,0.052991588,0.063450047,0.046064644,0.096216813,0.169059974,0.049649738,0.055824178,0.034635704,0.069196976
2.000,0.046999366,0.041903911,0.038281285,0.048154789,0.045501915,0.052917473,0.063076975,0.045345829,0.098303393,0.170035263,0.049096209,0.055634182,0.035052747,0.068781395
2.010,0.046723974,0.042108963,0.038461114,0.047998825,0.044212871,0.052896455,0.06257585,0.044688055,0.100269454,0.170715754,0.048510064,0.055438311,0.035392378,0.068300651
2.020,0.046367503,0.042317886,0.038752494,0.047833186,0.042893179,0.052926934,0.06195056,0.044110676,0.102086638,0.171101174,0.04789249,0.055257705,0.035663128,0.067739493
2.030,0.045973007,0.042523734,0.039038929,0.047636321,0.041547722,0.053005581,0.061205243,0.043619919,0.103759747,0.171193065,0.047245957,0.055064107,0.035883389,0.067073943
2.040,0.045515665,0.042723887,0.039327986,0.047418936,0.040174846,0.053127407,0.060350546,0.043226027,0.105245259,0.170995254,0.046578598,0.05488073,0.036043307,0.066287486
2.050,0.045043749,0.04292576,0.0397903,0.047170518,0.03927239,0.053285921,0.059389744,0.042938915,0.106543622,0.170513093,0.045888908,0.054683317,0.036144989,0.065373051
2.060,0.044531455,0.043122116,0.040224152,0.046891543,0.038452867,0.053473358,0.058315187,0.042764274,0.107640688,0.169752531,0.045191076,0.054483901,0.036188414,0.06433062
2.070,0.044010279,0.043304836,0.040633811,0.047398312,0.037593634,0.053680971,0.05712886,0.042705776,0.108558513,0.168719609,0.044513973,0.054275002,0.036569296,0.063167986
2.080,0.043479223,0.043476972,0.041024809,0.048080155,0.036688088,0.053899359,0.055833912,0.042763274,0.109278118,0.167420758,0.043922993,0.054046396,0.037122912,0.061900817
2.090,0.042933449,0.043641977,0.041401167,0.048697747,0.035757195,0.054953066,0.054435601,0.042933203,0.109806554,0.165862845,0.043352373,0.053816997,0.037687956,0.060551934
2.100,0.04239842,0.043785676,0.041763208,0.049244511,0.034787101,0.056119424,0.052941732,0.043206796,0.110148889,0.16405306,0.042776744,0.05395824,0.03824564,0.05914979
2.110,0.041865438,0.043911172,0.042110407,0.049719325,0.034535678,0.057270852,0.05136256,0.043574955,0.110309131,0.161998919,0.042181321,0.054107248,0.039069997,0.057726436
2.120,0.041330738,0.044025142,0.042432874,0.050132881,0.034456545,0.058359892,0.049710413,0.04402682,0.11029066,0.159708531,0.041570808,0.054240054,0.039958445,0.056315212
2.130,0.040802947,0.044111939,0.042713719,0.050494606,0.034376161,0.059409123,0.047999327,0.044551216,0.110096179,0.157191623,0.040933463,0.055064772,0.04079555,0.054953925
2.140,0.040294809,0.044175569,0.042934968,0.050801487,0.034275862,0.060362251,0.046247346,0.045135077,0.110151769,0.155371768,0.040267581,0.05604387,0.041559851,0.053674942
2.150,0.039791728,0.044224771,0.043079741,0.051058418,0.034144391,0.061242507,0.044478096,0.045762198,0.110390452,0.153275185,0.039576625,0.05691135,0.042230051,0.052494504
2.160,0.0392961,0.044243548,0.043140278,0.051276598,0.033973468,0.062010933,0.042698618,0.046417823,0.110402954,0.150928315,0.038859687,0.057665654,0.042792059,0.051439078
2.170,0.038812839,0.044234941,0.043088465,0.051461781,0.033762968,0.062659959,0.040934506,0.047087875,0.110193159,0.148346448,0.038106009,0.058304882,0.043235534,0.050522677
2.180,0.03835595,0.044213136,0.042925391,0.051606902,0.033515642,0.063205292,0.039204758,0.047759851,0.109785045,0.14554583,0.037309434,0.058827052,0.043777749,0.049743763
2.190,0.037912599,0.044160307,0.042636343,0.051727824,0.033219468,0.063618541,0.038742047,0.048423498,0.109160646,0.1426019,0.036464792,0.059231077,0.04422507,0.049114459
2.200,0.03748519,0.044076823,0.042227481,0.05182443,0.032876591,0.063897678,0.038557623,0.049070607,0.108365456,0.139497528,0.035582649,0.059517462,0.044522366,0.048613792
2.210,0.037075905,0.04398337,0.042668085,0.051890981,0.032501865,0.064042915,0.038369792,0.049694977,0.107368153,0.136296035,0.034647999,0.059688041,0.044651882,0.048244571
2.220,0.036691339,0.043861785,0.043065651,0.051946588,0.032080937,0.064072497,0.038171319,0.050540986,0.106206621,0.133013135,0.033674103,0.059750793,0.044869496,0.047983037
2.230,0.036336382,0.043711547,0.043366148,0.051980461,0.031623953,0.06397194,0.03795144,0.051417415,0.104864897,0.129661749,0.032910448,0.059718062,0.045046255,0.047811579
2.240,0.036002722,0.043545695,0.043565235,0.051992071,0.031133806,0.063748121,0.037715864,0.052229081,0.103381232,0.126288469,0.032303168,0.059581795,0.045088234,0.04771263
2.250,0.035690326,0.043361922,0.043667753,0.051986153,0.030605451,0.063410192,0.037456947,0.052984574,0.101738158,0.122909589,0.031674416,0.059358296,0.045012678,0.048139804
2.260,0.035398318,0.04315207,0.043679739,0.051965348,0.030051356,0.062969444,0.03717524,0.054638859,0.099985255,0.119538715,0.031007059,0.059043315,0.044840149,0.048784126
2.270,0.035128124,0.042919184,0.043615441,0.051919813,0.029460627,0.062438836,0.036871215,0.056308116,0.098112147,0.11619907,0.030321938,0.05863166,0.044593046,0.049431258
2.280,0.034883725,0.042680251,0.043477531,0.051846592,0.028845751,0.061832247,0.036545614,0.057945671,0.096139046,0.112910938,0.029606682,0.058131861,0.044294057,0.050067512
2.290,0.034652259,0.042417509,0.043265366,0.051745951,0.02819708,0.061178142,0.036199684,0.059518152,0.094104618,0.109691547,0.028873437,0.057533887,0.043964718,0.050688608
2.300,0.034429883,0.042131752,0.042996134,0.051622826,0.027523818,0.06049704,0.035835389,0.061009852,0.092005435,0.106557379,0.028399838,0.056834748,0.043624211,0.051290112
2.310,0.034212248,0.041834729,0.042659629,0.051465287,0.026818954,0.059810626,0.035455372,0.062398053,0.089862189,0.103518081,0.028426645,0.056036163,0.043298303,0.051854785
2.320,0.034006573,0.041524087,0.042271577,0.051271656,0.026091205,0.059396276,0.03506291,0.063659433,0.087694512,0.100578692,0.028410814,0.055141025,0.042993882,0.052387522
2.330,0.033799092,0.041191968,0.041822635,0.05105404,0.025332437,0.059693286,0.034664054,0.064777837,0.085520507,0.097745707,0.028362085,0.054154015,0.042716909,0.052879247
2.340,0.033582352,0.040839063,0.041312683,0.05094598,0.024950652,0.059987285,0.03426115,0.065725617,0.083358129,0.095023864,0.028279111,0.053086487,0.042483522,0.053321223
2.350,0.033355892,0.04048394,0.040738073,0.051010019,0.02508552,0.060281857,0.033854882,0.066493707,0.081216854,0.092416031,0.028155754,0.051937337,0.042288156,0.053711949
2.360,0.033123448,0.040108631,0.040085897,0.050933569,0.025218789,0.060547916,0.033447987,0.067047848,0.079111243,0.089924738,0.028004292,0.051519137,0.04212534,0.054051177
2.370,0.032869042,0.039713804,0.039600858,0.051419394,0.025337431,0.060763702,0.033042564,0.067394279,0.077050932,0.087547397,0.027822302,0.0511868,0.042003499,0.054339839
2.380,0.032593983,0.039307115,0.039548464,0.051879726,0.025439203,0.060922364,0.032640141,0.067491542,0.075041361,0.085281907,0.027606323,0.050851711,0.041900335,0.054579877
2.390,0.032303457,0.038891969,0.039390492,0.052243292,0.025522015,0.061019051,0.032241775,0.067356451,0.073086012,0.083124658,0.027366579,0.050495252,0.041810899,0.054774047
2.400,0.03198233,0.038459103,0.039120844,0.052533042,0.025583992,0.061051452,0.032064188,0.06695182,0.071185694,0.08114501,0.027106278,0.050128295,0.041730852,0.054925491
2.410,0.031640535,0.038009501,0.038729394,0.052733933,0.025625224,0.061026011,0.03275311,0.06629397,0.06933877,0.079729366,0.026820692,0.04975068,0.041639166,0.05503731
2.420,0.031271475,0.037555341,0.038204133,0.052862461,0.025654323,0.060929908,0.033442441,0.065360933,0.067554089,0.078364149,0.02651316,0.049353157,0.041524938,0.055112375
2.430,0.030872877,0.037090132,0.037547466,0.052908956,0.02565876,0.060759091,0.034123213,0.064172733,0.065818517,0.077070988,0.026198861,0.048952344,0.04137717,0.055156926
2.440,0.030452622,0.036611073,0.036758099,0.052877972,0.025637885,0.060507761,0.034787223,0.063694246,0.064120625,0.075828315,0.025869391,0.048535835,0.04118775,0.055177224
2.450,0.029999308,0.036119576,0.035834766,0.052780341,0.025591403,0.060192596,0.035438122,0.064120801,0.062462212,0.074648956,0.025526896,0.048102245,0.040941087,0.055167529
2.460,0.029527242,0.035628324,0.034801408,0.052611366,0.02551936,0.059791252,0.036057887,0.064415848,0.060836132,0.07351704,0.025174346,0.047668553,0.040626169,0.055136684
2.470,0.029023459,0.035128859,0.035090129,0.052391429,0.025428337,0.059300078,0.036648843,0.064588878,0.059223169,0.072443791,0.024821575,0.04721822,0.040236932,0.055082384
2.480,0.028500799,0.034621027,0.035284085,0.052122361,0.02531966,0.058742679,0.037202294,0.064634946,0.057633959,0.071411611,0.024466577,0.046754812,0.039765174,0.055004656
2.490,0.027951893,0.034106584,0.035375046,0.051807048,0.025187038,0.058088855,0.037719053,0.06455209,0.056048299,0.070436568,0.024108436,0.046291319,0.039202125,0.054926088
2.500,0.02738104,0.033593503,0.03535917,0.051441733,0.025031548,0.057365758,0.03818837,0.064349497,0.054465876,0.069494194,0.023749225,0.045814121,0.038544815,0.05487826
2.510,0.026792787,0.033081191,0.035232096,0.051025429,0.024854439,0.056557786,0.03861632,0.064011579,0.05288713,0.068609743,0.023390752,0.045325525,0.037798762,0.054918204
2.520,0.026565459,0.032566946,0.035257322,0.050535995,0.024657099,0.055677579,0.038995868,0.063537327,0.05130131,0.067754734,0.02303663,0.044840144,0.036959806,0.054998252
2.530,0.026523247,0.032052555,0.035458743,0.0499707,0.024448238,0.05472723,0.039323847,0.062928036,0.049720541,0.066946504,0.02269099,0.044344369,0.036029842,0.055063212
2.540,0.026428934,0.031539746,0.035528729,0.049334809,0.024226318,0.053708047,0.039599343,0.06218786,0.048841045,0.066171231,0.02234936,0.04383956,0.035015619,0.055100866
2.550,0.026280884,0.031033902,0.035467113,0.048618339,0.023988283,0.052633221,0.039821201,0.061323677,0.048259104,0.065429486,0.022012514,0.043338439,0.03445908,0.055094448
2.560,0.02608118,0.030536187,0.035278579,0.047822894,0.023735701,0.051497662,0.039992616,0.060345738,0.047678094,0.064725318,0.021680976,0.042832832,0.034109846,0.055039556
2.570,0.025833106,0.030044081,0.034960193,0.046957104,0.023470124,0.05032071,0.040108863,0.05926815,0.047081943,0.064041324,0.021355053,0.042321485,0.033656023,0.054932417
2.580,0.025542528,0.02955894,0.034516244,0.046027034,0.023193071,0.049094179,0.04016911,0.0581003,0.046475985,0.063396682,0.021034849,0.041811188,0.033086349,0.05476969
2.590,0.025207785,0.029081982,0.033953161,0.045027434,0.022907286,0.047839677,0.04017356,0.05685148,0.045851697,0.062768561,0.020720301,0.041303924,0.032404716,0.054548183
2.600,0.024832594,0.028614276,0.033286918,0.043973297,0.022620661,0.04654859,0.040123165,0.055526494,0.045209493,0.062162717,0.020415264,0.040793786,0.031620738,0.05426484
2.610,0.02442091,0.028156741,0.032522481,0.043466936,0.022326234,0.045241001,0.040019798,0.054126576,0.044548941,0.06157827,0.020115951,0.040281799,0.030735461,0.053917371
2.620,0.023976764,0.027712127,0.031668986,0.042961487,0.022025232,0.043911095,0.039866368,0.052798717,0.043866341,0.060999304,0.019821192,0.039779176,0.029759014,0.053508032
2.630,0.02350403,0.027280891,0.03139753,0.042412565,0.02171879,0.042572293,0.039666646,0.052168993,0.043168464,0.060445186,0.019530593,0.0392764,0.028703339,0.05304067
2.640,0.023006242,0.026861234,0.031107126,0.041821619,0.021407941,0.041227222,0.03942498,0.051509448,0.042447441,0.05988941,0.01924374,0.038773838,0.028484949,0.052509424
2.650,0.022486459,0.026453498,0.030741284,0.041189865,0.021093624,0.039874499,0.039145899,0.050823222,0.0417169,0.059343984,0.018960218,0.038274982,0.028250482,0.051915734
2.660,0.021947239,0.026057891,0.030308054,0.040518968,0.020776684,0.038821253,0.038842731,0.050119467,0.040967353,0.058797704,0.018679628,0.03778408,0.02792261,0.051262055
2.670,0.021390663,0.025674499,0.030044153,0.040016551,0.020459099,0.038238477,0.038517868,0.049389389,0.040209548,0.058250219,0.018401599,0.037294912,0.027506189,0.050559569
2.680,0.020818494,0.025303298,0.029817606,0.039556413,0.020225603,0.037658735,0.038180543,0.048651954,0.039442095,0.057700461,0.018125798,0.036808042,0.027007043,0.049807531
2.690,0.02023777,0.024944166,0.029557394,0.03916003,0.020314609,0.037083858,0.037841346,0.047890272,0.038666215,0.057141371,0.017851943,0.036326155,0.026434215,0.049005821
2.700,0.019649092,0.024596899,0.029265959,0.038939157,0.020392355,0.036515461,0.037523823,0.047306642,0.037892736,0.056576788,0.017582653,0.035853035,0.025793836,0.048158147
2.710,0.019128835,0.024261217,0.028954858,0.038691949,0.020471073,0.035954934,0.037229949,0.04703923,0.037116997,0.055997805,0.017315275,0.035383153,0.025092955,0.047275187
2.720,0.019282121,0.023936784,0.028622414,0.038420855,0.020553913,0.035494312,0.036936346,0.046750907,0.036342906,0.055409283,0.017049198,0.034916896,0.024339645,0.046360038
2.730,0.019420682,0.023623213,0.028274173,0.038134948,0.02062819,0.035255604,0.036629937,0.046456905,0.035578278,0.054803505,0.016784398,0.034454615,0.023542128,0.045411956
2.740,0.019541811,0.023320083,0.027921522,0.037832201,0.020691763,0.03501706,0.036301149,0.046146096,0.034823455,0.054184528,0.01678701,0.03400055,0.022710109,0.044436569
2.750,0.0196504,0.023026948,0.027573898,0.037513154,0.020742864,0.034767093,0.035955492,0.0458312,0.034080084,0.053546979,0.016915396,0.033553265,0.021942751,0.043458037
2.760,0.019740056,0.022743448,0.027296872,0.037181113,0.020782816,0.034511274,0.035589747,0.045503272,0.033351314,0.052893788,0.017038373,0.03311047,0.022090649,0.042726157
2.770,0.019814289,0.022470031,0.027220582,0.036843512,0.020811236,0.03425496,0.035205557,0.045172068,0.032640006,0.052222092,0.017156997,0.032672431,0.022222533,0.041988335
2.780,0.019872947,0.022205162,0.027123419,0.036495927,0.020826768,0.033990266,0.03480906,0.044831659,0.031948715,0.051533655,0.017269823,0.032239402,0.022338606,0.041248939
2.790,0.019912623,0.021948424,0.027002134,0.036140199,0.020832139,0.033723999,0.0344006,0.044487934,0.031279679,0.05082798,0.017375434,0.031811626,0.022437791,0.040509777
2.800,0.019939329,0.021699424,0.02687084,0.035780505,0.020824668,0.033458301,0.033979337,0.044139078,0.030634818,0.050221488,0.017473304,0.031394028,0.022518093,0.039769459
2.810,0.019949353,0.021457798,0.026718001,0.035419947,0.020806334,0.033186895,0.033548919,0.043786138,0.030015737,0.049991015,0.017563002,0.030981982,0.022577075,0.039028908
2.820,0.019941555,0.021261229,0.026544495,0.035056314,0.020777479,0.032913308,0.033107002,0.04343234,0.02942374,0.049754643,0.017644195,0.030575596,0.022619689,0.038289039
2.830,0.019923658,0.021125017,0.026358649,0.034691333,0.020735124,0.032643954,0.032652418,0.043073356,0.028859835,0.049509771,0.017716644,0.030175112,0.022641278,0.03755077
2.840,0.01988939,0.020990278,0.026158888,0.034326231,0.020685802,0.032370552,0.032185216,0.042717608,0.028324755,0.049252088,0.017782473,0.02978077,0.022646218,0.036815013
2.850,0.019840393,0.020856882,0.025941326,0.033965265,0.020624894,0.032093656,0.031705639,0.042355688,0.027818972,0.048981268,0.017841009,0.029392804,0.022631131,0.036082638
2.860,0.019782384,0.020723726,0.025706997,0.03360532,0.020552106,0.031821291,0.031216889,0.042000453,0.027342712,0.048704855,0.017890692,0.029011438,0.022602741,0.035354516
2.870,0.01971013,0.020593187,0.02546099,0.033245997,0.020472381,0.031548619,0.030719425,0.041638973,0.026895971,0.048417342,0.017931601,0.028639313,0.022553817,0.034631559
2.880,0.019626811,0.020463458,0.025206498,0.032887386,0.020384149,0.031273368,0.03021269,0.041285796,0.026478531,0.048116906,0.017963877,0.028274767,0.022493934,0.033914819
2.890,0.019535443,0.020335911,0.02493787,0.032530594,0.020285757,0.030995901,0.02969753,0.040927772,0.026093575,0.047805279,0.01798771,0.027917182,0.022417614,0.033205447
2.900,0.019432419,0.020211448,0.024656162,0.032178067,0.020177836,0.030724516,0.029179342,0.040577839,0.025737027,0.047490053,0.018004413,0.027566735,0.022324317,0.032504544
2.910,0.019321569,0.020089138,0.024362457,0.031828137,0.020065902,0.030452295,0.02865738,0.040224359,0.025408022,0.047163489,0.018016302,0.02722359,0.022223916,0.032142405
2.920,0.019204142,0.019970033,0.024060113,0.031482261,0.019946698,0.030178446,0.028129927,0.039879811,0.025105574,0.046826415,0.018020502,0.026887891,0.022107834,0.031909154
2.930,0.019077605,0.019854763,0.023754174,0.031143457,0.019819612,0.029903258,0.027605804,0.039533166,0.024831626,0.046484577,0.018017295,0.02655977,0.021977054,0.031678074
2.940,0.018945058,0.019743606,0.023439177,0.030809288,0.019685227,0.029630781,0.027078986,0.039193919,0.024582702,0.046138228,0.018006972,0.026239341,0.021841245,0.031449774
2.950,0.018808454,0.019635238,0.023116305,0.030477225,0.019545074,0.029361508,0.026555729,0.038855383,0.024356475,0.045784052,0.017989821,0.0259267,0.021692516,0.031220147
2.960,0.018665019,0.019528548,0.022786755,0.030144273,0.019403149,0.029091409,0.026034215,0.038521324,0.024151617,0.045423136,0.017966236,0.025621922,0.021531544,0.030989333
2.970,0.018515506,0.019426578,0.022451731,0.029813034,0.019255383,0.028820763,0.025518535,0.038191258,0.023969909,0.045064144,0.017940441,0.025325057,0.021363907,0.030763746
2.980,0.018365457,0.019325277,0.022112433,0.02947766,0.019102293,0.028549845,0.025006412,0.037862205,0.023806033,0.044701109,0.017908568,0.025037299,0.021188954,0.030537904
2.990,0.018210677,0.019228341,0.021775899,0.029135927,0.018944382,0.028280384,0.024504008,0.037540316,0.023658319,0.044334372,0.017870848,0.024757658,0.021004057,0.030310762
3.000,0.018051581,0.019131934,0.021437162,0.028795158,0.018782134,0.028016453,0.024006045,0.037217854,0.023525253,0.043966232,0.017827497,0.024485794,0.020810074,0.030084651
3.010,0.01788902,0.019040687,0.0210972,0.028446417,0.01861749,0.027752805,0.023520284,0.036901408,0.023407729,0.043602755,0.017778711,0.024221644,0.020613616,0.029861661
3.020,0.017727305,0.018950314,0.020757125,0.028094563,0.018452403,0.027489714,0.023042632,0.036585691,0.023301096,0.043238493,0.017724675,0.023965114,0.02041075,0.029637079
3.030,0.017562676,0.018864191,0.020418011,0.027737395,0.018284144,0.027227442,0.022573919,0.036272986,0.023203734,0.042874461,0.017668912,0.023716078,0.020200996,0.029410889
3.040,0.017395605,0.018780451,0.020080882,0.027374699,0.018113136,0.026966243,0.022119535,0.0359628,0.023114082,0.042512449,0.017608791,0.023474379,0.019985184,0.029189587
3.050,0.017226541,0.018699872,0.019746712,0.02700815,0.017939783,0.026706358,0.021674738,0.035653308,0.023030657,0.04215813,0.017543836,0.023239837,0.019767688,0.028966463
3.060,0.017058152,0.018623135,0.019416417,0.02663523,0.017764474,0.026452244,0.021240643,0.035347469,0.022953254,0.041806459,0.017474196,0.023012249,0.019547893,0.028741535
3.070,0.016889825,0.018548822,0.019090991,0.026549178,0.017587583,0.026201031,0.020821949,0.035040684,0.022879798,0.041458229,0.01740001,0.022791397,0.019324142,0.028520344
3.080,0.01672052,0.018479278,0.018773708,0.026469741,0.017409464,0.025951564,0.020414237,0.034738176,0.022808504,0.041114164,0.017321414,0.022577048,0.019097211,0.028298028
3.090,0.016550614,0.018412032,0.01846234,0.02638926,0.017231928,0.025704035,0.020017835,0.034433637,0.022738341,0.040778583,0.017241556,0.022368961,0.018867848,0.02807392
3.100,0.016380465,0.018349681,0.018157562,0.026305641,0.017055621,0.025458624,0.019635232,0.034133801,0.022668414,0.040450098,0.017158124,0.022166894,0.018640058,0.027853888
3.110,0.016211837,0.018290356,0.017859976,0.026218911,0.016878882,0.025215493,0.01926548,0.033831091,0.022597968,0.040127296,0.01707056,0.021970599,0.018412355,0.027632324
3.120,0.01604497,0.018235008,0.017570119,0.02613222,0.016702002,0.024974789,0.018937865,0.033533645,0.022526396,0.039810637,0.016978977,0.021779832,0.018183987,0.02741059
3.130,0.015878715,0.018184317,0.017288454,0.026044304,0.016525256,0.024736641,0.018637724,0.033232943,0.022453237,0.039500513,0.016883486,0.021594353,0.01795557,0.027191694
3.140,0.015713404,0.018137668,0.017015375,0.025953489,0.016348904,0.024504565,0.018349186,0.032937426,0.022378179,0.039200379,0.016784921,0.021413928,0.017727678,0.026971415
3.150,0.015549363,0.018095508,0.016751212,0.025859932,0.016173192,0.024276079,0.018072366,0.032640014,0.022301055,0.038908858,0.016685293,0.021238328,0.017500842,0.026753585
3.160,0.015386915,0.018057948,0.016496225,0.025766468,0.015998355,0.024050275,0.017806781,0.032345182,0.022221838,0.038624514,0.01658205,0.021067334,0.01727754,0.026536481
3.170,0.015226866,0.018024881,0.016250619,0.025672593,0.015824615,0.023827213,0.017551355,0.032051738,0.022140639,0.038347515,0.016475351,0.020900736,0.017057297,0.02631935
3.180,0.01507045,0.017996359,0.016014536,0.025576466,0.015652186,0.023606934,0.017304383,0.031757897,0.022057694,0.038077976,0.016365376,0.020738331,0.016839214,0.026105793
3.190,0.014916412,0.01797263,0.015788068,0.025478301,0.015481274,0.023389459,0.017066526,0.031468111,0.021973757,0.037816694,0.016253067,0.020579926,0.016623657,0.025891567
3.200,0.014765056,0.017953983,0.015571258,0.02538062,0.01531208,0.023174789,0.016835451,0.031179455,0.021889068,0.037566405,0.016140088,0.020425352,0.016410951,0.025680383
3.210,0.014616676,0.017939907,0.015364105,0.025283424,0.01514584,0.02296291,0.016613563,0.030891551,0.021804034,0.037323531,0.016024384,0.02027504,0.016201381,0.025470297
3.220,0.014471556,0.017929316,0.015166567,0.025184738,0.014982471,0.02275379,0.01639804,0.030605048,0.021719295,0.037088004,0.015906214,0.020128208,0.015995193,0.025260813
3.230,0.014329968,0.017919459,0.014978569,0.025084761,0.014821272,0.022547388,0.01618864,0.030321919,0.021635544,0.036859709,0.015785853,0.019984708,0.015792597,0.025055122
3.240,0.01419217,0.017912185,0.014800003,0.024985593,0.014662433,0.022347055,0.015986952,0.030185799,0.021553519,0.036638483,0.015665993,0.019844403,0.01559377,0.024849316
3.250,0.014058404,0.017904366,0.014630738,0.024887764,0.014506135,0.022149222,0.015791403,0.030208787,0.021473981,0.036426107,0.01554459,0.019707168,0.015399937,0.024645933
3.260,0.013928891,0.017898387,0.014470617,0.024789068,0.014352559,0.021953826,0.015601213,0.030230239,0.021397699,0.036222361,0.015421793,0.019572888,0.015210644,0.024444777
3.270,0.013804553,0.017892638,0.014319465,0.024689637,0.01420188,0.0217608,0.015416157,0.030249987,0.021325435,0.036024879,0.015298743,0.01944146,0.01502535,0.024243683
3.280,0.013684982,0.017885811,0.014177089,0.024590751,0.014054268,0.021570075,0.01523705,0.030273726,0.021257927,0.035833314,0.015187474,0.01931279,0.01484415,0.024045436
3.290,0.013570123,0.01788009,0.014043286,0.024494179,0.013909884,0.021381582,0.015063631,0.030295501,0.02119588,0.035647275,0.015127172,0.019186795,0.014667125,0.023848986
3.300,0.013460117,0.017874346,0.01391784,0.024397066,0.013768884,0.02119525,0.014894613,0.030314952,0.021140441,0.035466325,0.015063764,0.019063399,0.014494347,0.023652627
3.310,0.01335508,0.017867032,0.01380053,0.024299453,0.013631413,0.021011015,0.014729792,0.030331884,0.021092582,0.035294184,0.014997614,0.018942535,0.014325883,0.023457999
3.320,0.013255098,0.017858973,0.013691125,0.02420159,0.013497605,0.020828809,0.014568972,0.030352137,0.021052017,0.035126205,0.014929104,0.018824141,0.014161794,0.023266018
3.330,0.013160231,0.017851872,0.013589397,0.02410691,0.013367584,0.020648571,0.014412442,0.030369285,0.021019203,0.034961828,0.0148602,0.018708164,0.014002142,0.023074017
3.340,0.013070511,0.017842774,0.013495112,0.024011663,0.013241459,0.020470241,0.014260943,0.030383029,0.020994523,0.034800501,0.014790489,0.018594556,0.013846987,0.022881964
3.350,0.01298594,0.017831557,0.013408037,0.023915806,0.013119322,0.020295337,0.014112857,0.03039555,0.020978284,0.034641653,0.014719515,0.018483276,0.013696392,0.022693205
3.360,0.012906491,0.017821024,0.013327944,0.023819274,0.013001253,0.020123386,0.013968018,0.030407978,0.020970717,0.034488746,0.014647687,0.018374291,0.013550418,0.022504875
3.370,0.012832108,0.017809081,0.013254604,0.023725653,0.012887311,0.019953118,0.013826263,0.030416052,0.020972917,0.034337735,0.014575409,0.018267574,0.013409128,0.022316265
3.380,0.012762704,0.017794709,0.013187794,0.023631298,0.01277754,0.019784489,0.013687431,0.030420282,0.020984556,0.034187498,0.014503476,0.018163106,0.013272588,0.022127415
3.390,0.012698166,0.017778911,0.013127292,0.023535949,0.012671962,0.019617456,0.013551935,0.03042526,0.021005075,0.034037456,0.0144333,0.018060876,0.01314086,0.021941922
3.400,0.01263835,0.017763327,0.013072883,0.023440307,0.012570581,0.019451982,0.013420249,0.030424864,0.021034405,0.033887985,0.014363696,0.017960879,0.013014006,0.021755895
3.410,0.01258309,0.017745092,0.013024354,0.023346395,0.012473382,0.019288032,0.013290974,0.030420289,0.021072412,0.033741627,0.014295006,0.017863118,0.012892084,0.021569281
3.420,0.012532191,0.017724155,0.012981495,0.023251107,0.012380331,0.019125575,0.013163941,0.030414925,0.021118904,0.033593836,0.014227549,0.017767598,0.012775149,0.021382119
3.430,0.012485438,0.017704373,0.012944135,0.023154326,0.012291373,0.018964583,0.013038973,0.030403163,0.021173631,0.033444084,0.014161621,0.017674505,0.012663247,0.021197847
3.440,0.012442596,0.017681789,0.012912543,0.023059451,0.012206435,0.018805033,0.012915888,0.030389346,0.021236293,0.033291858,0.014097493,0.017584091,0.012556419,0.021012763
3.450,0.012403411,0.017656899,0.012885957,0.022963051,0.012125428,0.018646903,0.012794823,0.03037077,0.021306546,0.033141151,0.014035432,0.017495941,0.012454697,0.020826831
3.460,0.012367618,0.017632534,0.012864165,0.022865372,0.012048245,0.018490171,0.01267671,0.030347913,0.02138484,0.032987907,0.013976887,0.017410059,0.012358102,0.020640019
3.470,0.012334935,0.017605262,0.012846958,0.022768889,0.011974764,0.01833482,0.012559867,0.030321407,0.021469776,0.032830814,0.013920725,0.017326439,0.012266648,0.020455454
3.480,0.012305077,0.017578207,0.012834119,0.02267036,0.011904851,0.018183063,0.012444076,0.030290204,0.021560887,0.032669445,0.013867114,0.01724507,0.012180336,0.020270226
3.490,0.01227832,0.017549059,0.012825432,0.022572732,0.011838359,0.018032688,0.012329107,0.03025474,0.021657684,0.03250736,0.013816191,0.017165926,0.012099163,0.020083996
3.500,0.012253917,0.01752076,0.012820674,0.022473589,0.011775131,0.017883589,0.012214723,0.030215615,0.021759655,0.032341893,0.013768064,0.01708897,0.012023113,0.019896772
3.510,0.012231491,0.017656577,0.012819619,0.022375462,0.011715001,0.017735741,0.012101289,0.030170371,0.021866277,0.032171026,0.013722812,0.017014153,0.011952164,0.019710887
3.520,0.012210749,0.017828678,0.012822036,0.022276639,0.011657796,0.017589118,0.011989208,0.03012348,0.021977017,0.031994431,0.013680481,0.016941414,0.011886286,0.019524966
3.530,0.012191398,0.017991898,0.01282769,0.022178356,0.011603377,0.017443689,0.011876955,0.030070892,0.022091338,0.031815879,0.013641088,0.016870679,0.011825445,0.019338072
3.540,0.012173155,0.018151055,0.012836344,0.022081561,0.011552028,0.017299417,0.011764263,0.030013092,0.022208708,0.031632786,0.013604623,0.016801865,0.011769595,0.019150266
3.550,0.012155741,0.018300845,0.012847754,0.021986359,0.011503078,0.017156261,0.011650866,0.029953073,0.022328597,0.031443153,0.013571052,0.016734879,0.011718687,0.018962923
3.560,0.012138888,0.018442176,0.012861679,0.02189184,0.011456341,0.017014177,0.011536492,0.029887764,0.022450487,0.031246774,0.013540579,0.016669622,0.011672661,0.018776526
3.570,0.012122338,0.018578123,0.012877872,0.021798261,0.011411629,0.016873114,0.011422744,0.029817576,0.022573874,0.031048065,0.013513458,0.016605988,0.01163145,0.018589383
3.580,0.012105845,0.018704129,0.012896089,0.021703818,0.011368753,0.016733019,0.011307603,0.029744037,0.022698351,0.030843609,0.013488986,0.016543866,0.011594973,0.0184016
3.590,0.012089177,0.018823663,0.012916086,0.021609192,0.011327525,0.016593833,0.01119069,0.029667371,0.02282435,0.030631957,0.01346706,0.016483228,0.011563139,0.018213445
3.600,0.012072115,0.018935069,0.012937622,0.021512357,0.011287756,0.016455645,0.01107175,0.029587208,0.022950581,0.030413038,0.013447565,0.016424596,0.011535846,0.018027497
3.610,0.012055485,0.019038309,0.012960457,0.021416851,0.011249259,0.016320155,0.010950537,0.02950431,0.023076606,0.030192101,0.013430378,0.016367144,0.011512975,0.017841176
3.620,0.012038262,0.019134734,0.012984357,0.021319252,0.011211849,0.016185356,0.010828835,0.029419189,0.023202009,0.02996442,0.01341537,0.016310751,0.011494394,0.017654614
3.630,0.012020117,0.019223275,0.013009092,0.02121966,0.011175342,0.016051178,0.010704446,0.029331987,0.023326391,0.029729385,0.013402407,0.016255296,0.011479955,0.017467947
3.640,0.012000895,0.019304366,0.013034864,0.021120404,0.011139561,0.015917548,0.010577121,0.029242504,0.023449371,0.029487048,0.01339135,0.016200655,0.0114695,0.017282687
3.650,0.011980464,0.019379728,0.013061326,0.021020433,0.011104331,0.015784392,0.010446678,0.029150315,0.023570876,0.029243186,0.013382059,0.016146705,0.011462854,0.017098688
3.660,0.011958709,0.019448004,0.013088028,0.020918715,0.011069483,0.015651631,0.010313476,0.029054768,0.023692061,0.028992217,0.013374391,0.016093321,0.011459833,0.016914932
3.670,0.011935535,0.019510434,0.013114764,0.020815358,0.011034855,0.015519182,0.010178395,0.028954998,0.023810932,0.028734165,0.013368201,0.016143421,0.011460241,0.016731575
3.680,0.011910868,0.019567983,0.013141331,0.020711475,0.011000295,0.01538696,0.010039753,0.028852766,0.023927169,0.028474735,0.013363344,0.016282435,0.011463875,0.016548771
3.690,0.011885592,0.019621187,0.013167533,0.020608306,0.010965658,0.015254874,0.009897459,0.028746029,0.024040979,0.028510056,0.013360477,0.016419885,0.011470524,0.016368488
3.700,0.011859205,0.01967026,0.013193181,0.020503755,0.01093081,0.015122831,0.009751451,0.028633271,0.024153621,0.028541575,0.013358791,0.016555648,0.011479973,0.016189399
3.710,0.011831219,0.019715235,0.013218092,0.020397929,0.010895632,0.014990732,0.009602672,0.028518979,0.024262855,0.028569082,0.013358014,0.016689749,0.011492001,0.016011253
3.720,0.011801629,0.01975611,0.013242089,0.020290938,0.010860015,0.014859055,0.009451109,0.02839808,0.024368478,0.028592388,0.013358005,0.016823683,0.011506385,0.015834202
3.730,0.011770448,0.019794188,0.013265,0.020182959,0.010823865,0.01472852,0.009295756,0.028274205,0.024473002,0.028611317,0.013358627,0.016955575,0.011522901,0.015658396
3.740,0.011737705,0.01982951,0.013286661,0.020076912,0.0107871,0.014597596,0.009322497,0.028145298,0.024573417,0.028625714,0.013359745,0.01708527,0.011541322,0.015485507
3.750,0.011703441,0.019861914,0.013306913,0.019969964,0.010749658,0.014466174,0.009392999,0.028012505,0.02466978,0.028636985,0.01336123,0.017212608,0.011561419,0.015314453
3.760,0.01166836,0.019891786,0.013325605,0.019862222,0.010711486,0.014438062,0.009465492,0.027876044,0.024764471,0.028645241,0.013362959,0.017338166,0.011582965,0.015144966
3.770,0.011632667,0.019916717,0.013342592,0.019753794,0.010672651,0.014419049,0.009539745,0.027735027,0.024854408,0.028648625,0.013364816,0.017462606,0.01160573,0.014977159
3.780,0.011595628,0.019935754,0.013357738,0.019644784,0.010634077,0.014399236,0.009615518,0.027591741,0.024940777,0.028647039,0.013366689,0.017584263,0.011629488,0.014811129
3.790,0.011557325,0.019948369,0.013397267,0.019535291,0.010594707,0.014379661,0.009692569,0.027443186,0.025024049,0.028640398,0.013368846,0.017702972,0.011654009,0.014759093
3.800,0.011517841,0.019955213,0.013474667,0.019427852,0.010554542,0.014358248,0.009770653,0.027293943,0.02510197,0.028628633,0.013371577,0.017818569,0.01167907,0.014713031
3.810,0.011477267,0.019954426,0.013552307,0.019320334,0.010513591,0.014337032,0.009849525,0.027139679,0.025177867,0.028611689,0.013374051,0.017933264,0.011704448,0.014666625
3.820,0.011435696,0.019945529,0.013629991,0.01921255,0.010471873,0.014314362,0.00992894,0.02698422,0.025248241,0.028589524,0.013376191,0.018044784,0.011729924,0.014620013
3.830,0.01139411,0.019929877,0.013707525,0.019104576,0.010429412,0.014289499,0.010008657,0.026825491,0.025315073,0.028562329,0.013377924,0.018152765,0.011755287,0.014573327
3.840,0.011352209,0.019907314,0.013784719,0.018996481,0.01038624,0.014447659,0.010088434,0.026664015,0.025377395,0.028533292,0.01337919,0.018257042,0.011780329,0.014527248
3.850,0.01130958,0.019876417,0.013861391,0.018888322,0.01034239,0.014613535,0.010168038,0.026501448,0.025434617,0.02849899,0.013379937,0.018359559,0.011804852,0.014481947
3.860,0.01126632,0.019837831,0.013937362,0.018780405,0.010297899,0.014777478,0.010247237,0.026334861,0.025488393,0.028459426,0.013380122,0.018458834,0.011828668,0.014436906
3.870,0.011222523,0.019792971,0.014012463,0.018674734,0.010252801,0.014939332,0.010326569,0.02616844,0.025535612,0.028414618,0.013379713,0.018553974,0.011851597,0.014392237
3.880,0.011178285,0.019739114,0.014086536,0.018569069,0.010207134,0.015098209,0.010405217,0.025998187,0.025580091,0.028364595,0.013378828,0.018644815,0.011874194,0.014348046
3.890,0.011133854,0.019677792,0.014159428,0.018463427,0.01016093,0.015253897,0.010482863,0.025827037,0.025617969,0.028309395,0.013378389,0.018733292,0.011895907,0.014304436
3.900,0.011090306,0.019609202,0.014230999,0.018357815,0.01011422,0.015406184,0.010559304,0.025652954,0.025651212,0.028249069,0.013377321,0.018818169,0.011916299,0.01426223
3.910,0.011046559,0.019530958,0.014301122,0.018252229,0.010067031,0.015554862,0.010634344,0.025477539,0.025679281,0.02818422,0.013375632,0.018898312,0.011935236,0.01422103
3.920,0.011002696,0.01944732,0.014369679,0.018146655,0.010020555,0.015699726,0.010707798,0.025299324,0.025700386,0.028117528,0.013373342,0.018973565,0.011952591,0.014180633
3.930,0.010958791,0.019354542,0.014436564,0.018041072,0.009973659,0.015840582,0.010779489,0.025120052,0.025718187,0.028045886,0.013370482,0.019046056,0.01196825,0.014141107
3.940,0.010914916,0.019254174,0.014501685,0.017937467,0.009926335,0.015977243,0.010850208,0.024937229,0.025728358,0.027969374,0.013367088,0.019114401,0.01198211,0.014102516
3.950,0.010871136,0.019147841,0.01456496,0.017834064,0.009878596,0.016109531,0.010919177,0.02475445,0.025733449,0.027888084,0.013363206,0.019177463,0.011994078,0.014064909
3.960,0.010828684,0.019034253,0.01462632,0.01773051,0.00983045,0.016238155,0.010985958,0.024567303,0.025732626,0.027802112,0.01335889,0.019235115,0.01200407,0.014028332
3.970,0.010786485,0.018914971,0.014686789,0.017626761,0.009792393,0.016363469,0.011050415,0.024380413,0.025724049,0.02771156,0.0133547,0.019289882,0.012012013,0.013993607
3.980,0.01074452,0.018791637,0.014745668,0.017522765,0.009787381,0.016484005,0.011112425,0.024190222,0.025711807,0.02761654,0.013350896,0.019339858,0.012018304,0.01396003
3.990,0.010702826,0.018671506,0.014802513,0.017418471,0.009780843,0.016599629,0.01117222,0.023997601,0.025691259,0.027518415,0.013346824,0.01938414,0.01202336,0.013927542
4.000,0.010661432,0.018579545,0.014857296,0.017313823,0.009772771,0.016710219,0.011230506,0.023804562,0.02566495,0.027418376,0.013342542,0.019422654,0.012026223,0.013896153
4.010,0.010620803,0.018491083,0.014909997,0.017209804,0.009763157,0.016815665,0.011286073,0.023607584,0.025632345,0.027314178,0.013338109,0.019458652,0.012026856,0.013865867
4.020,0.010581267,0.018403177,0.014960606,0.017106489,0.009753659,0.01691587,0.011338844,0.023409983,0.02559109,0.027205948,0.013333579,0.019489042,0.012025234,0.013836679
4.030,0.010542059,0.018387646,0.01500912,0.017002626,0.009795992,0.017010746,0.011388753,0.023210397,0.025545937,0.027093814,0.013329002,0.019513529,0.012021342,0.013808578
4.040,0.010503176,0.018447336,0.015055541,0.016898163,0.009851179,0.01710069,0.011436538,0.023007063,0.025492081,0.026977904,0.013324421,0.01953298,0.012015176,0.013781544
4.050,0.010464605,0.018503022,0.01509988,0.016793044,0.00990596,0.01718738,0.011482207,0.022804008,0.025430878,0.026858351,0.013320173,0.019549261,0.012006743,0.013756221
4.060,0.010427183,0.018554924,0.01514215,0.016687217,0.009960327,0.017268573,0.011524904,0.022598209,0.025364146,0.026735285,0.013316891,0.019559612,0.011997376,0.013732032
4.070,0.010390376,0.018603234,0.015182371,0.016580632,0.010014277,0.017344218,0.011564608,0.022397544,0.025288357,0.026610434,0.013313697,0.019564048,0.011985964,0.013708811
4.080,0.010353795,0.018647943,0.015220566,0.016473404,0.010067807,0.017414275,0.011601768,0.022364322,0.025206279,0.02648405,0.013310612,0.019565227,0.011972362,0.013686517
4.090,0.010317629,0.018688804,0.01525676,0.016367287,0.010120914,0.01747871,0.011637172,0.022312615,0.02511731,0.026354484,0.013307648,0.019561591,0.011956612,0.013665102
4.100,0.010282602,0.018725697,0.015290982,0.016260245,0.010173597,0.017537502,0.011669591,0.022243441,0.025019181,0.026221857,0.013304815,0.019552132,0.011938766,0.013644515
4.110,0.010254133,0.018758941,0.015323264,0.016152233,0.010225857,0.017590637,0.011699042,0.02215853,0.024915443,0.026086289,0.013302116,0.019537899,0.011919099,0.013624698
4.120,0.010309532,0.018788052,0.01535489,0.016043209,0.010278068,0.017639713,0.0117263,0.02206218,0.024804035,0.025947895,0.013300055,0.01952063,0.01189875,0.01360559
4.130,0.010364135,0.018813022,0.015385139,0.015933136,0.010330304,0.017684443,0.011751647,0.021963426,0.024683493,0.025806785,0.013298826,0.019497692,0.011876484,0.013587125
4.140,0.010419144,0.018833868,0.015413547,0.015821976,0.010382131,0.017723531,0.01177413,0.021919844,0.024557684,0.025663064,0.013297713,0.019469158,0.011852372,0.013570038
4.150,0.010473512,0.018850619,0.015440149,0.015709696,0.010433551,0.017756997,0.011793798,0.021934205,0.024424005,0.025518154,0.013296704,0.019438305,0.011826487,0.013553477
4.160,0.010528368,0.018863468,0.015464978,0.015597834,0.010484565,0.017784869,0.011812189,0.022071741,0.024281365,0.025372525,0.01329578,0.019402444,0.011800333,0.013537352
4.170,0.010583011,0.018872787,0.01548807,0.015485248,0.010535175,0.017807188,0.011828141,0.022333304,0.024133542,0.025224511,0.01329539,0.019361207,0.0117726,0.01352159
4.180,0.010637726,0.018879052,0.015509459,0.015371435,0.010585381,0.017824,0.011841449,0.022573112,0.023978166,0.025074195,0.013295815,0.019316661,0.011743733,0.013506119
4.190,0.010693011,0.018882589,0.015529179,0.015256378,0.01063518,0.017835886,0.011852929,0.022789283,0.023814149,0.024921656,0.013343901,0.019268536,0.011714402,0.013490866
4.200,0.010748515,0.018883345,0.015547264,0.015140062,0.010684568,0.017844834,0.011862895,0.022981159,0.023645032,0.024766967,0.013394313,0.019215288,0.011687172,0.013475759
4.210,0.010804338,0.018880883,0.015563745,0.01502248,0.010733539,0.01784846,0.011870416,0.02315094,0.023468936,0.0246102,0.013443961,0.019158114,0.011661053,0.01346073
4.220,0.01086058,0.018875229,0.015578653,0.014903629,0.010782085,0.017846845,0.01187571,0.023296425,0.023284664,0.024451421,0.013493561,0.019098456,0.011634833,0.013445831
4.230,0.010917403,0.018866178,0.015592018,0.014784531,0.010830643,0.017840079,0.011880294,0.023416426,0.023095718,0.024291169,0.013541689,0.019033951,0.011607264,0.013431654
4.240,0.010980075,0.018852781,0.015603866,0.014665052,0.010879255,0.017828261,0.011882645,0.023511759,0.022900254,0.024131273,0.013588342,0.018965417,0.011579808,0.013417367
4.250,0.011045768,0.018834865,0.01561565,0.014544297,0.010927406,0.017811495,0.011882841,0.023584088,0.022697201,0.023969496,0.013635567,0.018894998,0.011551137,0.013402914
4.260,0.011111854,0.01881429,0.015626341,0.014422288,0.010975077,0.017789893,0.011882197,0.023630547,0.022490433,0.023805898,0.01368123,0.018820018,0.011521246,0.01338824
4.270,0.011177055,0.018789018,0.015635579,0.014299052,0.011022243,0.017766186,0.011879996,0.023651183,0.022277262,0.023640539,0.013725288,0.018741331,0.011491151,0.013373295
4.280,0.011242556,0.018759651,0.015643381,0.014174621,0.011068879,0.017738122,0.011875846,0.023649565,0.022057345,0.023473479,0.013769223,0.01866093,0.011460366,0.01335803
4.290,0.011306871,0.018727407,0.015649763,0.014049035,0.011114955,0.01770555,0.011870356,0.023623042,0.021834808,0.02330478,0.013812108,0.018576255,0.011428458,0.013342402
4.300,0.01137092,0.018690504,0.015654738,0.013922799,0.011160441,0.017668596,0.011864183,0.023583693,0.021605822,0.023134504,0.013853237,0.01848852,0.011395459,0.013326366
4.310,0.011434168,0.018650529,0.015658315,0.013796768,0.011205303,0.017627392,0.011856251,0.023657612,0.021372055,0.022962718,0.013893649,0.018398904,0.011361734,0.013310436
4.320,0.011495963,0.018607108,0.0156605,0.01366969,0.011249614,0.017582067,0.011846621,0.023718425,0.021134966,0.022791194,0.013933317,0.018305297,0.011328046,0.013294433
4.330,0.011557796,0.018559714,0.015661298,0.013541623,0.011294214,0.017532753,0.011836761,0.023765873,0.020892208,0.022618934,0.013971042,0.018209621,0.011293334,0.013277907
4.340,0.011618045,0.01851,0.01566071,0.013412627,0.011338094,0.017481422,0.011825538,0.023799723,0.020647012,0.022445313,0.0140076,0.018111535,0.011257623,0.013260822
4.350,0.011677022,0.018457705,0.015658733,0.013282765,0.011381215,0.017427207,0.011812773,0.023819785,0.020397463,0.022270404,0.014043519,0.018009736,0.011220933,0.013243142
4.360,0.011735397,0.018403324,0.015656375,0.013152103,0.01142354,0.017369355,0.011799081,0.023825914,0.020144562,0.022094282,0.014077282,0.017907032,0.011183285,0.01322483
4.370,0.011791817,0.018347903,0.015653435,0.013020708,0.01146503,0.017307997,0.011784976,0.023818011,0.019889051,0.021917023,0.014109577,0.017801204,0.011145668,0.013205851
4.380,0.011847571,0.018292761,0.015649082,0.012937071,0.011505644,0.017243261,0.011769452,0.023796064,0.019630162,0.021738706,0.014141155,0.017692527,0.011107518,0.013186171
4.390,0.011901565,0.018236825,0.015643305,0.012933829,0.011545345,0.017175274,0.011752547,0.023760192,0.019369508,0.021559409,0.014170357,0.01758295,0.011068447,0.013166004
4.400,0.01195439,0.01817954,0.015636092,0.012929703,0.011584092,0.017104162,0.011735583,0.023710661,0.019106137,0.021379399,0.014197956,0.017470108,0.011028467,0.013145834
4.410,0.012005601,0.018120244,0.015627429,0.012925059,0.011622702,0.017031253,0.011717585,0.02364787,0.018841143,0.021200401,0.014224583,0.017355582,0.011057004,0.013124865
4.420,0.012055814,0.018058436,0.015617302,0.012919153,0.011660653,0.016956712,0.011698291,0.023572307,0.018574673,0.021020605,0.014248614,0.017239441,0.011111329,0.013103068
4.430,0.012104468,0.017995353,0.015605693,0.012911991,0.011697545,0.016879362,0.011678115,0.023484456,0.018306352,0.020840092,0.014271047,0.01712032,0.011163333,0.013080417
4.440,0.012152046,0.017929398,0.015592588,0.012903583,0.011733339,0.01679932,0.011657846,0.023384747,0.018037768,0.020658939,0.014292126,0.017000349,0.011211962,0.013056887
4.450,0.012198903,0.017860603,0.015578203,0.012893938,0.011767996,0.016716701,0.011636335,0.023273532,0.017768186,0.020477221,0.014310401,0.016878384,0.011256561,0.013032459
4.460,0.012245212,0.017790613,0.015563906,0.012883069,0.011801476,0.016631618,0.011613602,0.023151065,0.017497775,0.020295013,0.014327079,0.016753726,0.01129711,0.013007115
4.470,0.012290852,0.017717472,0.015548055,0.012871967,0.011833741,0.016544181,0.011590635,0.023017546,0.01722705,0.020112389,0.014342052,0.016628754,0.011335713,0.012980878
4.480,0.012335357,0.01764248,0.015530633,0.012859803,0.011864752,0.016455228,0.011567011,0.022873122,0.016956764,0.019929419,0.014354035,0.016501704,0.011370502,0.012954697
4.490,0.012378218,0.017565218,0.015511626,0.012846448,0.011895594,0.016365622,0.011542191,0.022717916,0.016687241,0.019746842,0.014364324,0.016372243,0.0114012,0.012927568
4.500,0.012419803,0.017485381,0.015491017,0.012831916,0.011925321,0.016273935,0.011516185,0.022552005,0.01642,0.019565022,0.014372698,0.016243039,0.011427793,0.012899491
4.510,0.01245865,0.017404008,0.015468792,0.012816222,0.011953685,0.01618027,0.01149048,0.022375618,0.016215735,0.019383004,0.014377924,0.016111624,0.011452349,0.012870468
4.520,0.012496063,0.017319677,0.015444937,0.012799379,0.012047401,0.016084728,0.011463605,0.022189916,0.016237734,0.019200848,0.014381301,0.015978591,0.011473149,0.012840507
4.530,0.012530156,0.017234342,0.015420223,0.012782394,0.012180122,0.015987406,0.01143555,0.021993856,0.016251787,0.019018617,0.014382665,0.015845477,0.011489818,0.012809618
4.540,0.012562964,0.017145845,0.015394923,0.012764391,0.012312389,0.015888399,0.011406759,0.021787338,0.016256682,0.018836367,0.014380753,0.015710377,0.011502351,0.012777814
4.550,0.012592306,0.017056862,0.015367946,0.012745274,0.012443728,0.015788079,0.011377825,0.021570878,0.016252976,0.018654156,0.014376895,0.015574466,0.011512402,0.012745113
4.560,0.012619542,0.016964791,0.015339283,0.012725059,0.012574484,0.015687948,0.011347709,0.02134634,0.016241281,0.01847204,0.014370929,0.015438052,0.011519134,0.012712308
4.570,0.012644,0.016872152,0.015308923,0.012703761,0.012704593,0.015586358,0.011316415,0.021111541,0.016220658,0.018290074,0.014361596,0.015299894,0.011521718,0.012678867
4.580,0.012665059,0.016776744,0.015276858,0.012681755,0.012833525,0.015483393,0.011284655,0.020868364,0.016192993,0.018109283,0.014350562,0.015161635,0.011520155,0.012644581
4.590,0.012684508,0.016680623,0.015243647,0.012659406,0.01296118,0.015379136,0.01125245,0.02061716,0.016156344,0.017929061,0.014337045,0.015022507,0.011515465,0.012632055
4.600,0.012700287,0.016581902,0.015209992,0.012636014,0.013088368,0.015273664,0.01121906,0.020356825,0.016113421,0.017749101,0.014320104,0.014881855,0.011508123,0.012655869
4.610,0.012713482,0.016482558,0.015174597,0.012611599,0.013214241,0.015167053,0.011184488,0.020090637,0.016061676,0.017569456,0.01430229,0.014741708,0.011496638,0.012676323
4.620,0.012724115,0.016380563,0.015137457,0.01258618,0.013338573,0.015059376,0.011149378,0.019815341,0.016004237,0.01739018,0.014314694,0.01460039,0.011481018,0.012695068
4.630,0.012731015,0.016278242,0.015098565,0.012559884,0.013461261,0.014951906,0.011113861,0.019535603,0.015938354,0.017211326,0.01433387,0.014457873,0.011461626,0.012710767
4.640,0.012736447,0.016173111,0.015059016,0.012533558,0.013583071,0.014843997,0.011077155,0.019247589,0.015867186,0.017032948,0.014352619,0.014316051,0.011440276,0.012723186
4.650,0.012738142,0.016067972,0.015018432,0.012506288,0.013703398,0.014735178,0.011039265,0.018955774,0.015788145,0.016855098,0.014377637,0.014173008,0.011414813,0.012732356
4.660,0.012737843,0.01596025,0.014976071,0.012478103,0.013821812,0.014625508,0.011000259,0.018656759,0.015704106,0.016677867,0.014422121,0.014029031,0.011385252,0.012740137
4.670,0.012734332,0.01585194,0.014931927,0.012449033,0.013938214,0.014515046,0.0109614,0.018354905,0.015612898,0.016502237,0.014465274,0.013916808,0.011351611,0.012744815
4.680,0.012729255,0.015741849,0.014887664,0.012419153,0.014052752,0.014403845,0.010921356,0.018046795,0.015516889,0.016327257,0.014506932,0.013846562,0.011316296,0.012746354
4.690,0.012722053,0.015630181,0.014841756,0.012389394,0.014166222,0.014291957,0.010880133,0.017736721,0.015414506,0.016152982,0.014547828,0.013774872,0.01127703,0.012744796
4.700,0.012726749,0.015517936,0.014794046,0.012358837,0.014277425,0.014179431,0.010837737,0.017421688,0.015307453,0.015979466,0.014586802,0.013701999,0.011233731,0.012741213
4.710,0.012731205,0.015403413,0.014745885,0.012327519,0.014386267,0.014124417,0.010794355,0.01710485,0.015194883,0.015806763,0.01462498,0.013628054,0.011186424,0.012735479
4.720,0.012733163,0.015288505,0.014696363,0.01229548,0.01449266,0.014068491,0.010750983,0.016784781,0.015077754,0.015634928,0.014661609,0.013553051,0.011137536,0.012726778
4.730,0.012732386,0.015172167,0.014645025,0.012262812,0.01459708,0.014010081,0.010706448,0.016463923,0.014955976,0.015464014,0.014696475,0.013476954,0.011084739,0.012715158
4.740,0.012728625,0.015053776,0.014592845,0.012230385,0.014699886,0.01394685,0.010660757,0.016401608,0.014829793,0.015294072,0.014730714,0.013399793,0.011028006,0.012700672
4.750,0.012722681,0.014935715,0.014539662,0.012197347,0.014800028,0.013878734,0.010613922,0.016338176,0.01469977,0.015125182,0.014762948,0.013324764,0.010968198,0.012684567
4.760,0.012713045,0.014815827,0.014484661,0.012163739,0.014897429,0.01380775,0.010565952,0.016274217,0.01456554,0.014958032,0.014793834,0.013294348,0.010906106,0.012666353
4.770,0.012700659,0.01469446,0.014427851,0.012129606,0.01499202,0.013733005,0.010517632,0.016208377,0.014428221,0.014791964,0.014823611,0.013266588,0.010840169,0.012645418
4.780,0.012686009,0.014573252,0.014370628,0.012095037,0.015084386,0.01365376,0.010468719,0.01614072,0.014286885,0.014627023,0.014851346,0.013239203,0.01077092,0.012621817
4.790,0.012667763,0.014450316,0.014311966,0.01206086,0.015174883,0.013571494,0.010418693,0.016071852,0.014143196,0.014463252,0.014877786,0.013210634,0.010699786,0.012595607
4.800,0.012645967,0.01432677,0.014251513,0.01202627,0.015262409,0.013486279,0.010367567,0.016002873,0.013995657,0.014300691,0.014903014,0.013180639,0.01062492,0.012567338
4.810,0.012622505,0.014202788,0.014189285,0.011991309,0.015346912,0.013396945,0.010315356,0.015932226,0.013846506,0.014139377,0.014926173,0.013149027,0.01054799,0.012537868
4.820,0.01259599,0.014077293,0.014125494,0.011956017,0.015428342,0.013304601,0.010262074,0.015859971,0.013693779,0.014023945,0.014947493,0.013115714,0.01049896,0.012505933
4.830,0.012566063,0.013952411,0.014061469,0.011920433,0.015507328,0.013209942,0.010208227,0.01578617,0.013539894,0.013961618,0.01496812,0.013081365,0.010452304,0.01247159
4.840,0.012532784,0.013826087,0.013995712,0.011885275,0.01558433,0.013111539,0.01015408,0.015712319,0.013383106,0.013897404,0.014986666,0.013046828,0.010402911,0.012434892
4.850,0.012497576,0.01370007,0.013928249,0.011850021,0.015658158,0.013010283,0.010098895,0.015637599,0.01322499,0.013830839,0.015003132,0.013020449,0.010351411,0.012395892
4.860,0.012459963,0.013573075,0.013859108,0.011814563,0.015728778,0.012907187,0.010042689,0.015561478,0.013064997,0.013762129,0.015018137,0.012997456,0.010297473,0.012355398
4.870,0.012419168,0.013446531,0.01378832,0.01177893,0.015796161,0.012800721,0.009985482,0.015484015,0.012903317,0.013690897,0.015032078,0.012973618,0.010240552,0.01231366
4.880,0.01237526,0.013319183,0.013716451,0.011743148,0.015861262,0.012691704,0.009927292,0.01540527,0.012813189,0.01361674,0.01504395,0.012948146,0.010182069,0.012269751
4.890,0.012328311,0.013192363,0.013644083,0.011707325,0.015924046,0.012581163,0.009868139,0.015326603,0.012769894,0.013539508,0.015053761,0.012920615,0.010120861,0.012223721
4.900,0.012280251,0.013065182,0.013570153,0.011672084,0.01598354,0.012467617,0.009819179,0.015247328,0.012725046,0.013458982,0.015061841,0.012890553,0.010057131,0.012175616
4.910,0.012229541,0.012937943,0.013494702,0.011636745,0.016039729,0.012351899,0.009840309,0.015166908,0.012678669,0.0133749,0.015069191,0.012858196,0.009991955,0.012125486
4.920,0.012175987,0.012811093,0.013417773,0.011601326,0.016092606,0.012234876,0.009859448,0.015085398,0.012631477,0.013287346,0.015074514,0.012823581,0.009954534,0.012073484
4.930,0.012119664,0.012683869,0.01333941,0.011565839,0.016144157,0.012115206,0.009876969,0.015002853,0.012583632,0.013196883,0.015077827,0.012785988,0.009940301,0.012021064
4.940,0.01206065,0.01255709,0.01325966,0.011530294,0.01619238,0.011993665,0.009892552,0.014919555,0.012534308,0.013102617,0.015079148,0.012746223,0.009923394,0.011966736
4.950,0.012000241,0.012430359,0.013179274,0.011494699,0.01623727,0.011871094,0.009906462,0.014836838,0.01248353,0.01300504,0.015079581,0.012704262,0.009903945,0.011910543
4.960,0.011938085,0.012303568,0.013098381,0.011459591,0.016278863,0.011746218,0.009919664,0.014753208,0.012431809,0.012904796,0.015078589,0.012659762,0.00988358,0.011852534
4.970,0.011873441,0.012177398,0.013016223,0.011424621,0.016319132,0.01161949,0.009950244,0.014668715,0.012379675,0.012800806,0.015075663,0.012613166,0.009860632,0.011792755
4.980,0.011806387,0.012051801,0.012932853,0.011389598,0.01635607,0.011492259,0.009979574,0.014583405,0.012326143,0.012694763,0.015070826,0.012565084,0.009835141,0.011731253
4.990,0.011737,0.0119298,0.012848321,0.011354523,0.016389681,0.011363052,0.010006687,0.014497325,0.012271241,0.012585334,0.015102913,0.012514899,0.00980715,0.011668226
